IF NOT EXISTS (SELECT 1 FROM [ClaimType] WHERE ID IN (1))
BEGIN
    SET IDENTITY_INSERT [dbo].[ClaimType]  ON

    INSERT INTO [dbo].[ClaimType]
               ([Id], [Name], [IsDeleted], [Value])
         VALUES
               (1, N'ApplicationPermission', 0, N'ApplicationPermission'),
			   (2, N'UserId', 0, N'UserId'),
			   (3, N'OrganizationId', 0, N'OrganizationId')

    SET IDENTITY_INSERT [dbo].[ClaimType]  OFF
END
GO
IF NOT EXISTS (SELECT 1 FROM [PermissionModuleType] WHERE ID IN (1))
BEGIN
    SET IDENTITY_INSERT [dbo].[PermissionModuleType]  ON


    INSERT INTO [dbo].[Module]
               ([Id], [Name], [ApplicationId], [IsDeleted])
    INSERT INTO [dbo].[PermissionModuleType]
              ([Id], [Name], [IsDeleted])
         VALUES
               (0, N'none', 1, 0),			   
			   (1, N'Cube Testing', 1, 0),			   
			   (2, N'Water Testing', 1, 0),		   
			   (3, N'Customer', 1, 0),
			   (4, N'Ui Page Type', 1, 0),
			   (5, N'Ui Control Type', 1, 0),
			   (6, N'Ui Page Metadata', 1, 0),
			   (7, N'Ui Page Validation',1,0),
			   (8, N'Application',1,0),
			   (9, N'Workflow',1,0),
			   (10,N'Workflow Stage',1,0),
			   (11,N'Module',1,0),
			   (12,N'Workflow Activitiy',1,0),
			   (13,N'Organization',1,0),
			   (14,N'Lookup',1,0),
			   (15,N'Lookup Category',1,0),
			   (16,N'FullPage',1,0)
               (1, N'UIPageTypePermission', 0),
			   (2, N'UiPageMetadataPermission', 0),
			   (3, N'CubeTesting', 0),
			   (1004, N'UiControlTypePermission', 0)

    SET IDENTITY_INSERT [dbo].[PermissionModuleType]  OFF
END
GO
IF NOT EXISTS (SELECT 1 FROM [SubPermissionModuleType] WHERE ID IN (1))
BEGIN
    SET IDENTITY_INSERT [dbo].[SubPermissionModuleType]  ON

    INSERT INTO [dbo].[SubPermissionModuleType]
             ([Id], [Name], [PermissionModuleTypeId], [IsDeleted])
         VALUES
              (1, N'SampleReceiving', 3, 0),
			  (2, N'TestPlan', 3, 0),
			  (3, N'LabAnalysis', 3, 0),
			  (4, N'TestReport', 3, 0),
			  (5, N'Billing&Payments', 3, 0),
			  (6, N'UIPageTypePermission', 1, 0),
			  (7, N'UiPageMetadataPermission', 2, 0),
			  (8, N'UiControlTypePermission', 1004, 0)

    SET IDENTITY_INSERT [dbo].[SubPermissionModuleType]  OFF
END
GO
IF NOT EXISTS (SELECT 1 FROM [PermissionType] WHERE ID IN (1))
BEGIN
    SET IDENTITY_INSERT [dbo].[PermissionType]  ON

    INSERT INTO [dbo].[PermissionType]
               ([Id], [Name], [Value], [IsDeleted])
         VALUES
              (1, N'Create', N'Create', 0),
			  (2, N'Update', N'Update', 0),
			  (3, N'Read', N'Read', 0),
			  (4, N'Delete', N'Delete', 0)

    SET IDENTITY_INSERT [dbo].[PermissionType]  OFF
END
GO
IF NOT EXISTS (SELECT 1 FROM [Permission] WHERE ID IN (1))
BEGIN
    SET IDENTITY_INSERT [dbo].[Permission]  ON

    INSERT INTO [dbo].[Permission]
               ([Id], [Name], [PermissionModuleTypeId], [PermissionTypeId], [IsDeleted])
         VALUES
               (1, N'uiPageType.add', 1, 1, 0),
			   (2, N'uiPageType.edit', 1, 2, 0),
			   (3, N'uiPageType.read', 1, 3, 0),
			   (4, N'uiPageType.delete', 1, 4, 0),
			   (5, N'uiPageMetadata.add', 2, 1, 0),
			   (6, N'uiPageMetadata.edit', 2, 2, 0),
			   (7, N'uiPageMetadata.read', 2, 3, 0),
			   (8, N'uiPageMetadata.delete', 2, 4, 0),
			   (9, N'testPlan.add', 3, 1, 0),
			   (10, N'testPlan.read', 3, 3, 0),
			   (12, N'sample.add', 4, 1, 0),
			   (13, N'sample.read', 4, 3, 0),
			   (1011, N'uiControlType.add', 8, 1, 0),
			   (1012, N'uiControlType.read', 8, 3, 0),
			   (1013, N'uiC.ad', 5, 3, 0),
			   (1014, N'uiC.read', 5, 1, 0),
			   (1015, N'j', 4, 2, 0),
			   (1016, N'k', 4, 4, 0)

    SET IDENTITY_INSERT [dbo].[Permission]  OFF
END
GO
IF NOT EXISTS (SELECT 1 FROM [Organization] WHERE ID IN (1))
BEGIN
    SET IDENTITY_INSERT [dbo].[Organization]  ON

    INSERT INTO [dbo].[Organization]
               ([Id], [OrgCode], [OrgName], [IsDeleted])
         VALUES
               (0, N'SYSORG', N'SYSORG', 0),
			   (1, N'GTRL', N'Global Testing And Research Laboratory', 0)

    SET IDENTITY_INSERT [dbo].[Organization]  OFF
END
GO
IF NOT EXISTS (SELECT 1 FROM [User] WHERE ID IN (1))
BEGIN
    SET IDENTITY_INSERT [dbo].[User]  ON

    INSERT INTO [dbo].[User]
               ([Id], [UserName], [FirstName], [LastName], [Email], [Mobile], [Country], [ISDCode], [TwoFactor],
			   [Locked], [IsActive], [EmailValidationStatus],
			   [MobileValidationStatus], [OrgId], [AdminLevel], [IsDeleted])
         VALUES
              (0, N'sysadmin', N'sysadmin', N'sysadmin', N'sysadmin@gmail.com', N'1234567899', N'INDIA', N'91', 0, 0, 1, 0, 0, 0, 0, 0),
			  (1, N'ApplicationAdminUser', N'Application', N'Admin', N'AppAdmin@gmail.com', N'8123444349', N'India', N'91', 0, 0, 1, 0, 0, 0, 2, 0)

    SET IDENTITY_INSERT [dbo].[User]  OFF
END
GO
IF NOT EXISTS (SELECT 1 FROM [UserClaim] WHERE ID IN (1))
BEGIN
    SET IDENTITY_INSERT [dbo].[UserClaim]  ON

    INSERT INTO [dbo].[UserClaim]
               ([Id], [UserId], [PermissionId], [IsDeleted], [ClaimTypeId])
         VALUES
               (1, 1, 4, 1, 1),
			   (2, 0, 1, 1, 1),
			   (3, 0, 2, 1, 1),
			   (4, 0, 3, 1, 1),
			   (5, 0, 4, 1, 1),
			   (6, 0, 5, 1, 1),
			   (7, 0, 6, 1, 1),
			   (8, 0, 7, 1, 1),
			   (9, 0, 8, 1, 1),
			   (10, 0, 9, 0, 1),
			   (11, 0, 10, 0, 1)

    SET IDENTITY_INSERT [dbo].[UserClaim]  OFF
END
GO
IF NOT EXISTS (SELECT 1 FROM [Role] WHERE ID IN (1))
BEGIN
    SET IDENTITY_INSERT [dbo].[Role]  ON

    INSERT INTO [dbo].[Role]
               ([Id], [Name], [Level], [IsDeleted])
         VALUES
              (0, N'Sysadmin', 0, 0),
			  (1, N'Admin', 1, 0),
			  (2, N'ApplicationAdmin', 2, 0),
			  (3, N'Manager', 3, 0),
			  (4, N'GeneralUser', 6, 0)

               (0, N'Sysadmin', 0, 0),
			   (1, N'Admin', 1, 0),
			   (2, N'ApplicationAdmin', 2, 0),
			   (3, N'Manager', 3, 0),
			   (4, N'GeneralUser', 6, 0)
    SET IDENTITY_INSERT [dbo].[Role]  OFF
END
GO
IF NOT EXISTS (SELECT 1 FROM [RoleClaim] WHERE Id IN (1))
BEGIN
    SET IDENTITY_INSERT [dbo].[RoleClaim]  ON

    INSERT INTO [dbo].[RoleClaim]
               ([Id], [RoleId], [PermissionId], [ClaimTypeId], [IsDeleted])
         VALUES
             (1, 0, 1, 1, 0),
			 (2, 0, 3, 1, 0),
			 (3, 0, 12, 1, 0),
			 (4, 0, 13, 1, 0),
			 (5, 0, 1011, 1, 0),
			 (6, 0, 1012, 1, 0)

    SET IDENTITY_INSERT [dbo].[RoleClaim]  OFF
END
GO
IF NOT EXISTS (SELECT 1 FROM [Group] WHERE ID IN (1))
BEGIN
    SET IDENTITY_INSERT [dbo].[Group]  ON

    INSERT INTO [dbo].[Group]
               ([Id], [Name], [IsDeleted])
         VALUES
             (1, N'Back Office ', 0)

    SET IDENTITY_INSERT [dbo].[Group]  OFF
END
GO
IF NOT EXISTS (SELECT 1 FROM [GroupClaim] WHERE ID IN (1))
BEGIN
    SET IDENTITY_INSERT [dbo].[GroupClaim]  ON

    INSERT INTO [dbo].[GroupClaim]
               ([Id], [GroupId], [ClaimTypeId], [PermissionId], [IsDeleted])
         VALUES
              (1, 1, 1, 1, 0),
			  (2, 1, 1, 2, 0),
			  (3, 1, 1, 3, 0),
			  (4, 1, 1, 4, 0),
			  (5, 1, 1, 5, 0),
			  (6, 1, 1, 6, 0),
			  (7, 1, 1, 7, 0),
			  (8, 1, 1, 8, 0),
			  (9, 1, 1, 9, 0),
			  (10, 1, 1, 10, 0),
			  (12, 1, 1, 12, 0),
			  (13, 1, 1, 13, 0),
			  (1011, 1, 1, 1015, 0),
			  (1013, 1, 1, 1016, 0)

    SET IDENTITY_INSERT [dbo].[GroupClaim]  OFF
END
GO
IF NOT EXISTS (SELECT 1 FROM [PasswordPolicy] WHERE ID IN (1))
BEGIN
    SET IDENTITY_INSERT [dbo].[PasswordPolicy]  ON

    INSERT INTO [dbo].[PasswordPolicy]
              ([Id], [MinCaps], [MinSmallChars], [MinSpecialChars], [MinNumber], [MinLength], [AllowUserName],
			  [DisAllPastPassword], [DisAllowedChars], [ChangeIntervalDays], [OrgId], [IsDeleted])
         VALUES
              (0, 1, 1, 1, 1, 8, 1, 0, NULL, 30, 0, 0)

    SET IDENTITY_INSERT [dbo].[PasswordPolicy]  OFF
END
GO
IF NOT EXISTS (SELECT 1 FROM [UserRole] WHERE ID IN (1))
BEGIN
    SET IDENTITY_INSERT [dbo].[UserRole]  ON

    INSERT INTO [dbo].[UserRole]
               ([Id], [UserId], [RoleId], [IsDeleted])
         VALUES
              (0, 0, 0, 0),
			  (1, 1, 2, 0)

    SET IDENTITY_INSERT [dbo].[UserRole]  OFF
END
GO
IF NOT EXISTS (SELECT 1 FROM [UserGroup] WHERE ID IN (1))
BEGIN
    SET IDENTITY_INSERT [dbo].[UserGroup]  ON

    INSERT INTO [dbo].[UserGroup]
               ([Id], [GroupId], [UserId], [IsDeleted])
         VALUES
              (1, 1, 0, 0)

    SET IDENTITY_INSERT [dbo].[UserGroup]  OFF
END
GO
IF NOT EXISTS (SELECT 1 FROM [LoginToken] WHERE ID IN (1))
BEGIN
    SET IDENTITY_INSERT [dbo].[LoginToken]  ON

    INSERT INTO [dbo].[LoginToken]
               ([Id], [UserId], [AccessToken], [RefreshToken], [AccessTokenExpiry],
			   [DeviceCode], [DeviceName], [RefreshTokenExpiry])
         VALUES
              (1, 0, N'eyJhbGciOiJIUzI1NiIsInR5cCI6IkpXVCIsImN0eSI6IkpXVCJ9.eyJzdWIiOiJzeXNhZG1pbiIsImp0aSI6ImJjYjRjOGEwLTMxYjUtNDcwNS1iNTNjLTJlZjJjZDRhNzJjYyIsImlhdCI6MTY3MDE2NTkyMywiaHR0cDovL3NjaGVtYXMubWljcm9zb2Z0LmNvbS93cy8yMDA4LzA2L2lkZW50aXR5L2NsYWltcy9yb2xlIjoiU3lzYWRtaW4iLCJPcmdhbml6YXRpb25JZCI6IjAiLCJuYmYiOjE2NzAxNjU5MjMsImV4cCI6MTY3MDI1MjMyMywiaXNzIjoiaHR0cHM6Ly9sb2NhbGhvc3Q6NDQzMzcvIiwiYXVkIjoiaHR0cHM6Ly9sb2NhbGhvc3Q6NDQzMzcvIn0.dWKVFP4WIMWlbOytkbJ-JczvyeRQZnIpmUh1wsSEPTQ', N'eyJhbGciOiJIUzI1NiIsInR5cCI6IkpXVCIsImN0eSI6IkpXVCJ9.eyJzdWIiOiJzeXNhZG1pbiIsImp0aSI6ImJjYjRjOGEwLTMxYjUtNDcwNS1iNTNjLTJlZjJjZDRhNzJjYyIsImlhdCI6MTY3MDE2NTkyMywiaHR0cDovL3NjaGVtYXMubWljcm9zb2Z0LmNvbS93cy8yMDA4LzA2L2lkZW50aXR5L2NsYWltcy9yb2xlIjoiU3lzYWRtaW4iLCJPcmdhbml6YXRpb25JZCI6IjAiLCJuYmYiOjE2NzAxNjU5MjMsImV4cCI6MTY3Mjc1NzkyMywiaXNzIjoiaHR0cHM6Ly9sb2NhbGhvc3Q6NDQzMzcvIiwiYXVkIjoiaHR0cHM6Ly9sb2NhbGhvc3Q6NDQzMzcvIn0.OjD0-EDwLR2uoufBhAVRPc4RNLgp0WX8E5YbqJkfzE8', CAST(N'2022-12-05T20:28:43.520' AS DateTime), NULL, NULL, CAST(N'2023-01-03T20:28:43.520' AS DateTime)),
			  
			  (2, 0, N'eyJhbGciOiJIUzI1NiIsInR5cCI6IkpXVCIsImN0eSI6IkpXVCJ9.eyJzdWIiOiJzeXNhZG1pbiIsImp0aSI6ImZlZDcxZDdjLTZhZDMtNDVmMC04ODVjLTUyOGYyYTIxM2Q4NSIsImlhdCI6MTY3MDE2NjEyNCwiaHR0cDovL3NjaGVtYXMubWljcm9zb2Z0LmNvbS93cy8yMDA4LzA2L2lkZW50aXR5L2NsYWltcy9yb2xlIjoiU3lzYWRtaW4iLCJPcmdhbml6YXRpb25JZCI6IjAiLCJuYmYiOjE2NzAxNjYxMjMsImV4cCI6MTY3MDI1MjUyMywiaXNzIjoiaHR0cHM6Ly9sb2NhbGhvc3Q6NDQzMzcvIiwiYXVkIjoiaHR0cHM6Ly9sb2NhbGhvc3Q6NDQzMzcvIn0.v_9hB129Khbb-v8nNI6ZqiaVwfq6oJyjQiqMhrBm4GQ', N'eyJhbGciOiJIUzI1NiIsInR5cCI6IkpXVCIsImN0eSI6IkpXVCJ9.eyJzdWIiOiJzeXNhZG1pbiIsImp0aSI6ImZlZDcxZDdjLTZhZDMtNDVmMC04ODVjLTUyOGYyYTIxM2Q4NSIsImlhdCI6MTY3MDE2NjEyNCwiaHR0cDovL3NjaGVtYXMubWljcm9zb2Z0LmNvbS93cy8yMDA4LzA2L2lkZW50aXR5L2NsYWltcy9yb2xlIjoiU3lzYWRtaW4iLCJPcmdhbml6YXRpb25JZCI6IjAiLCJuYmYiOjE2NzAxNjYxMjMsImV4cCI6MTY3Mjc1ODEyMywiaXNzIjoiaHR0cHM6Ly9sb2NhbGhvc3Q6NDQzMzcvIiwiYXVkIjoiaHR0cHM6Ly9sb2NhbGhvc3Q6NDQzMzcvIn0.J8Z9aaH7nWiqp1WLlR0jm3pATpRQ3zHazita0a2ROwk', CAST(N'2022-12-05T20:32:03.863' AS DateTime), NULL, NULL, CAST(N'2023-01-03T20:32:03.863' AS DateTime)),
			  
			  (3, 0, N'eyJhbGciOiJIUzI1NiIsInR5cCI6IkpXVCIsImN0eSI6IkpXVCJ9.eyJzdWIiOiJzeXNhZG1pbiIsImp0aSI6IjdlYWZlYzBkLTUxZmItNDVhZC05OGI0LTkxZjYzNDE2OWQ5NiIsImlhdCI6MTY3MDkzMjU4MiwiaHR0cDovL3NjaGVtYXMubWljcm9zb2Z0LmNvbS93cy8yMDA4LzA2L2lkZW50aXR5L2NsYWltcy9yb2xlIjoiU3lzYWRtaW4iLCJPcmdhbml6YXRpb25JZCI6IjAiLCJuYmYiOjE2NzA5MzI1ODEsImV4cCI6MTY3MTAxODk4MSwiaXNzIjoiaHR0cHM6Ly9sb2NhbGhvc3Q6NDQzMzcvIiwiYXVkIjoiaHR0cHM6Ly9sb2NhbGhvc3Q6NDQzMzcvIn0.RgiTdDqRic0xV2yAX2xQdAWPzXxKCy4PL-T3AUwNWTY', N'eyJhbGciOiJIUzI1NiIsInR5cCI6IkpXVCIsImN0eSI6IkpXVCJ9.eyJzdWIiOiJzeXNhZG1pbiIsImp0aSI6IjdlYWZlYzBkLTUxZmItNDVhZC05OGI0LTkxZjYzNDE2OWQ5NiIsImlhdCI6MTY3MDkzMjU4MiwiaHR0cDovL3NjaGVtYXMubWljcm9zb2Z0LmNvbS93cy8yMDA4LzA2L2lkZW50aXR5L2NsYWltcy9yb2xlIjoiU3lzYWRtaW4iLCJPcmdhbml6YXRpb25JZCI6IjAiLCJuYmYiOjE2NzA5MzI1ODEsImV4cCI6MTY3MzUyNDU4MSwiaXNzIjoiaHR0cHM6Ly9sb2NhbGhvc3Q6NDQzMzcvIiwiYXVkIjoiaHR0cHM6Ly9sb2NhbGhvc3Q6NDQzMzcvIn0.pAxHaX1YzyF-elw8cw_lG3O9b8eVz86wNeBqXLHHMIo', CAST(N'2022-12-14T17:26:21.803' AS DateTime), NULL, NULL, CAST(N'2023-01-12T17:26:21.803' AS DateTime)),
			  
			  (4, 0, N'eyJhbGciOiJodHRwOi8vd3d3LnczLm9yZy8yMDAxLzA0L3htbGRzaWctbW9yZSNobWFjLXNoYTI1NiIsInR5cCI6IkpXVCIsImN0eSI6IkpXVCJ9.eyJzdWIiOiJzeXNhZG1pbiIsImp0aSI6IjVhNTE2ZGQ5LWVlZjUtNDRlYy1iOWJmLTQxMzc2ZDQ3NzQyNSIsImlhdCI6MTY3MDkzMzUwNSwiaHR0cDovL3NjaGVtYXMubWljcm9zb2Z0LmNvbS93cy8yMDA4LzA2L2lkZW50aXR5L2NsYWltcy9yb2xlIjoiU3lzYWRtaW4iLCJPcmdhbml6YXRpb25JZCI6IjAiLCJuYmYiOjE2NzA5MzM1MDUsImV4cCI6MTY3MTAxOTkwNSwiaXNzIjoiaHR0cHM6Ly9sb2NhbGhvc3Q6NDQzMzcvIiwiYXVkIjoiaHR0cHM6Ly9sb2NhbGhvc3Q6NDQzMzcvIn0.KnUMqzeQBZp9tNUtxFmnMksHbcOWhZBRvXXph30p43A', N'eyJhbGciOiJIUzI1NiIsInR5cCI6IkpXVCIsImN0eSI6IkpXVCJ9.eyJzdWIiOiJzeXNhZG1pbiIsImp0aSI6IjVhNTE2ZGQ5LWVlZjUtNDRlYy1iOWJmLTQxMzc2ZDQ3NzQyNSIsImlhdCI6MTY3MDkzMzUwNSwiaHR0cDovL3NjaGVtYXMubWljcm9zb2Z0LmNvbS93cy8yMDA4LzA2L2lkZW50aXR5L2NsYWltcy9yb2xlIjoiU3lzYWRtaW4iLCJPcmdhbml6YXRpb25JZCI6IjAiLCJuYmYiOjE2NzA5MzM1MDUsImV4cCI6MTY3MzUyNTUwNSwiaXNzIjoiaHR0cHM6Ly9sb2NhbGhvc3Q6NDQzMzcvIiwiYXVkIjoiaHR0cHM6Ly9sb2NhbGhvc3Q6NDQzMzcvIn0.YNSv5_CCofSjbWSlNk9eSOQsJFyafr5ho1zPY3REqeQ', CAST(N'2022-12-14T17:41:45.290' AS DateTime), NULL, NULL, CAST(N'2023-01-12T17:41:45.290' AS DateTime)),
			  
			  (5, 0, N'eyJhbGciOiJodHRwOi8vd3d3LnczLm9yZy8yMDAxLzA0L3htbGRzaWctbW9yZSNobWFjLXNoYTI1NiIsInR5cCI6IkpXVCIsImN0eSI6IkpXVCJ9.eyJzdWIiOiJzeXNhZG1pbiIsImp0aSI6IjFjYWJmNWQwLTNhMmEtNGU1ZC05NzUxLTBmOWJmYWYzZmUxNyIsImlhdCI6MTY3MDkzMzkxNSwiaHR0cDovL3NjaGVtYXMubWljcm9zb2Z0LmNvbS93cy8yMDA4LzA2L2lkZW50aXR5L2NsYWltcy9yb2xlIjoiU3lzYWRtaW4iLCJPcmdhbml6YXRpb25JZCI6IjAiLCJuYmYiOjE2NzA5MzM5MTQsImV4cCI6MTY3MTAyMDMxNCwiaXNzIjoiaHR0cHM6Ly9sb2NhbGhvc3Q6NDQzMzcvIiwiYXVkIjoiaHR0cHM6Ly9sb2NhbGhvc3Q6NDQzMzcvIn0.UlUSB_dzTtR9EtUwqDLLo3Ld3SHKVnpOT1TevK_0gX0', N'eyJhbGciOiJodHRwOi8vd3d3LnczLm9yZy8yMDAxLzA0L3htbGRzaWctbW9yZSNobWFjLXNoYTI1NiIsInR5cCI6IkpXVCIsImN0eSI6IkpXVCJ9.eyJzdWIiOiJzeXNhZG1pbiIsImp0aSI6IjFjYWJmNWQwLTNhMmEtNGU1ZC05NzUxLTBmOWJmYWYzZmUxNyIsImlhdCI6MTY3MDkzMzkxNSwiaHR0cDovL3NjaGVtYXMubWljcm9zb2Z0LmNvbS93cy8yMDA4LzA2L2lkZW50aXR5L2NsYWltcy9yb2xlIjoiU3lzYWRtaW4iLCJPcmdhbml6YXRpb25JZCI6IjAiLCJuYmYiOjE2NzA5MzM5MTQsImV4cCI6MTY3MzUyNTkxNCwiaXNzIjoiaHR0cHM6Ly9sb2NhbGhvc3Q6NDQzMzcvIiwiYXVkIjoiaHR0cHM6Ly9sb2NhbGhvc3Q6NDQzMzcvIn0.7KvH6lGRB5Cy3Zl958bizkKHiCswOqDth1cP7A615EQ', CAST(N'2022-12-14T17:48:34.963' AS DateTime), NULL, NULL, CAST(N'2023-01-12T17:48:34.963' AS DateTime)),
			  
			  (6, 0, N'eyJhbGciOiJodHRwOi8vd3d3LnczLm9yZy8yMDAxLzA0L3htbGRzaWctbW9yZSNobWFjLXNoYTI1NiIsInR5cCI6IkpXVCIsImN0eSI6IkpXVCJ9.eyJzdWIiOiJzeXNhZG1pbiIsImp0aSI6ImI5OTk1YWI5LWIzM2ItNGFhZS1iMjFmLTM1MmNjNjcxZjFlOSIsImlhdCI6MTY3MDkzNDExMSwiaHR0cDovL3NjaGVtYXMubWljcm9zb2Z0LmNvbS93cy8yMDA4LzA2L2lkZW50aXR5L2NsYWltcy9yb2xlIjoiU3lzYWRtaW4iLCJPcmdhbml6YXRpb25JZCI6IjAiLCJuYmYiOjE2NzA5MzQxMTAsImV4cCI6MTY3MTAyMDUxMCwiaXNzIjoiaHR0cHM6Ly9sb2NhbGhvc3Q6NDQzMzcvIiwiYXVkIjoiaHR0cHM6Ly9sb2NhbGhvc3Q6NDQzMzcvIn0.a9N7AgThn0JURtbyAkzMpDNF49OL5TChydcQ-U-0arw', N'eyJhbGciOiJodHRwOi8vd3d3LnczLm9yZy8yMDAxLzA0L3htbGRzaWctbW9yZSNobWFjLXNoYTI1NiIsInR5cCI6IkpXVCIsImN0eSI6IkpXVCJ9.eyJzdWIiOiJzeXNhZG1pbiIsImp0aSI6ImI5OTk1YWI5LWIzM2ItNGFhZS1iMjFmLTM1MmNjNjcxZjFlOSIsImlhdCI6MTY3MDkzNDExMSwiaHR0cDovL3NjaGVtYXMubWljcm9zb2Z0LmNvbS93cy8yMDA4LzA2L2lkZW50aXR5L2NsYWltcy9yb2xlIjoiU3lzYWRtaW4iLCJPcmdhbml6YXRpb25JZCI6IjAiLCJuYmYiOjE2NzA5MzQxMTAsImV4cCI6MTY3MzUyNjExMCwiaXNzIjoiaHR0cHM6Ly9sb2NhbGhvc3Q6NDQzMzcvIiwiYXVkIjoiaHR0cHM6Ly9sb2NhbGhvc3Q6NDQzMzcvIn0.4Bh3GfHnkTiLx7BEdM80nypBmvLWN7t6G9tlDpgcgOo', CAST(N'2022-12-14T17:51:51.003' AS DateTime), NULL, NULL, CAST(N'2023-01-12T17:51:51.003' AS DateTime)),
			  
			  (7, 0, N'eyJhbGciOiJodHRwOi8vd3d3LnczLm9yZy8yMDAxLzA0L3htbGRzaWctbW9yZSNobWFjLXNoYTI1NiIsInR5cCI6IkpXVCIsImN0eSI6IkpXVCJ9.eyJzdWIiOiJzeXNhZG1pbiIsImp0aSI6ImNhMjA3NjZiLTc3NDAtNDA0YS1hZjE2LThiMWI3YzgzMjIxMSIsImlhdCI6MTY3MDkzNDIyMiwiaHR0cDovL3NjaGVtYXMubWljcm9zb2Z0LmNvbS93cy8yMDA4LzA2L2lkZW50aXR5L2NsYWltcy9yb2xlIjoiU3lzYWRtaW4iLCJPcmdhbml6YXRpb25JZCI6IjAiLCJuYmYiOjE2NzA5MzQyMjEsImV4cCI6MTY3MTAyMDYyMSwiaXNzIjoiaHR0cHM6Ly9sb2NhbGhvc3Q6NDQzMzcvIiwiYXVkIjoiaHR0cHM6Ly9sb2NhbGhvc3Q6NDQzMzcvIn0.frNiaFXDdXU-XCHJHKbbdNl4BHQ-ePyvuCQrq8g4p_Q', N'eyJhbGciOiJodHRwOi8vd3d3LnczLm9yZy8yMDAxLzA0L3htbGRzaWctbW9yZSNobWFjLXNoYTI1NiIsInR5cCI6IkpXVCIsImN0eSI6IkpXVCJ9.eyJzdWIiOiJzeXNhZG1pbiIsImp0aSI6ImNhMjA3NjZiLTc3NDAtNDA0YS1hZjE2LThiMWI3YzgzMjIxMSIsImlhdCI6MTY3MDkzNDIyMiwiaHR0cDovL3NjaGVtYXMubWljcm9zb2Z0LmNvbS93cy8yMDA4LzA2L2lkZW50aXR5L2NsYWltcy9yb2xlIjoiU3lzYWRtaW4iLCJPcmdhbml6YXRpb25JZCI6IjAiLCJuYmYiOjE2NzA5MzQyMjEsImV4cCI6MTY3MzUyNjIyMSwiaXNzIjoiaHR0cHM6Ly9sb2NhbGhvc3Q6NDQzMzcvIiwiYXVkIjoiaHR0cHM6Ly9sb2NhbGhvc3Q6NDQzMzcvIn0.tBt4X6Sd_kvkT5WHqkQ-P3BXM2O-PAfOWW2h65gzzIY', CAST(N'2022-12-14T17:53:42.083' AS DateTime), NULL, NULL, CAST(N'2023-01-12T17:53:42.083' AS DateTime)),
			  
			  (8, 0, N'eyJhbGciOiJodHRwOi8vd3d3LnczLm9yZy8yMDAxLzA0L3htbGRzaWctbW9yZSNobWFjLXNoYTI1NiIsInR5cCI6IkpXVCIsImN0eSI6IkpXVCJ9.eyJzdWIiOiJzeXNhZG1pbiIsImp0aSI6IjQ2ZTNiNzIyLTI2ZmEtNGYzNC1iMGNlLTViZDM1MmU0OGFkYiIsImlhdCI6MTY3MDkzNDcwOCwiaHR0cDovL3NjaGVtYXMubWljcm9zb2Z0LmNvbS93cy8yMDA4LzA2L2lkZW50aXR5L2NsYWltcy9yb2xlIjoiU3lzYWRtaW4iLCJPcmdhbml6YXRpb25JZCI6IjAiLCJuYmYiOjE2NzA5MzQ3MDgsImV4cCI6MTY3MTAyMTEwOCwiaXNzIjoiaHR0cHM6Ly9sb2NhbGhvc3Q6NDQzMzcvIiwiYXVkIjoiaHR0cHM6Ly9sb2NhbGhvc3Q6NDQzMzcvIn0.TT6m_Hh1SeVy72Igr4s_phaIaz_CiNWXtGLXkraChSE', N'eyJhbGciOiJodHRwOi8vd3d3LnczLm9yZy8yMDAxLzA0L3htbGRzaWctbW9yZSNobWFjLXNoYTI1NiIsInR5cCI6IkpXVCIsImN0eSI6IkpXVCJ9.eyJzdWIiOiJzeXNhZG1pbiIsImp0aSI6IjQ2ZTNiNzIyLTI2ZmEtNGYzNC1iMGNlLTViZDM1MmU0OGFkYiIsImlhdCI6MTY3MDkzNDcwOCwiaHR0cDovL3NjaGVtYXMubWljcm9zb2Z0LmNvbS93cy8yMDA4LzA2L2lkZW50aXR5L2NsYWltcy9yb2xlIjoiU3lzYWRtaW4iLCJPcmdhbml6YXRpb25JZCI6IjAiLCJuYmYiOjE2NzA5MzQ3MDgsImV4cCI6MTY3MzUyNjcwOCwiaXNzIjoiaHR0cHM6Ly9sb2NhbGhvc3Q6NDQzMzcvIiwiYXVkIjoiaHR0cHM6Ly9sb2NhbGhvc3Q6NDQzMzcvIn0._hbFNhZRUAZsC5SgFZkalvHAuPL7A5dUDwA04NFGLPM', CAST(N'2022-12-14T18:01:48.177' AS DateTime), NULL, NULL, CAST(N'2023-01-12T18:01:48.177' AS DateTime)),
			  
			  (9, 0, N'eyJhbGciOiJodHRwOi8vd3d3LnczLm9yZy8yMDAxLzA0L3htbGRzaWctbW9yZSNobWFjLXNoYTI1NiIsInR5cCI6IkpXVCIsImN0eSI6IkpXVCJ9.eyJzdWIiOiJzeXNhZG1pbiIsImp0aSI6ImE0OWZiMGZmLTAxMzItNDRiNi1hNTBkLTljYTU1YWQyZDM1MCIsImlhdCI6MTY3MDkzNTExMywiaHR0cDovL3NjaGVtYXMubWljcm9zb2Z0LmNvbS93cy8yMDA4LzA2L2lkZW50aXR5L2NsYWltcy9yb2xlIjoiU3lzYWRtaW4iLCJPcmdhbml6YXRpb25JZCI6IjAiLCJuYmYiOjE2NzA5MzUxMTIsImV4cCI6MTY3MTAyMTUxMiwiaXNzIjoiaHR0cHM6Ly9sb2NhbGhvc3Q6NDQzMzcvIiwiYXVkIjoiaHR0cHM6Ly9sb2NhbGhvc3Q6NDQzMzcvIn0.QUTVUVXeAqdS4_enR_EzOIBURnWHRtLY8uxXGQ1H84s', N'eyJhbGciOiJodHRwOi8vd3d3LnczLm9yZy8yMDAxLzA0L3htbGRzaWctbW9yZSNobWFjLXNoYTI1NiIsInR5cCI6IkpXVCIsImN0eSI6IkpXVCJ9.eyJzdWIiOiJzeXNhZG1pbiIsImp0aSI6ImE0OWZiMGZmLTAxMzItNDRiNi1hNTBkLTljYTU1YWQyZDM1MCIsImlhdCI6MTY3MDkzNTExMywiaHR0cDovL3NjaGVtYXMubWljcm9zb2Z0LmNvbS93cy8yMDA4LzA2L2lkZW50aXR5L2NsYWltcy9yb2xlIjoiU3lzYWRtaW4iLCJPcmdhbml6YXRpb25JZCI6IjAiLCJuYmYiOjE2NzA5MzUxMTIsImV4cCI6MTY3MzUyNzExMiwiaXNzIjoiaHR0cHM6Ly9sb2NhbGhvc3Q6NDQzMzcvIiwiYXVkIjoiaHR0cHM6Ly9sb2NhbGhvc3Q6NDQzMzcvIn0.guXeiWYqCidlJbrcLklh24lZkdoISYw5B9A--WxNGRE', CAST(N'2022-12-14T18:08:32.967' AS DateTime), NULL, NULL, CAST(N'2023-01-12T18:08:32.967' AS DateTime)),
			  
			  (10, 0, N'eyJhbGciOiJodHRwOi8vd3d3LnczLm9yZy8yMDAxLzA0L3htbGRzaWctbW9yZSNobWFjLXNoYTI1NiIsInR5cCI6IkpXVCIsImN0eSI6IkpXVCJ9.eyJzdWIiOiJzeXNhZG1pbiIsImp0aSI6ImY5YWU0ZWNkLWI4MTYtNDdiMy1iOThmLTFiMjEyMTNlMzA0MyIsImlhdCI6MTY3MDk0MTUyOSwiaHR0cDovL3NjaGVtYXMubWljcm9zb2Z0LmNvbS93cy8yMDA4LzA2L2lkZW50aXR5L2NsYWltcy9yb2xlIjoiU3lzYWRtaW4iLCJPcmdhbml6YXRpb25JZCI6IjAiLCJuYmYiOjE2NzA5NDE1MjgsImV4cCI6MTY3MTAyNzkyOCwiaXNzIjoiaHR0cHM6Ly9sb2NhbGhvc3Q6NDQzMzcvIiwiYXVkIjoiaHR0cHM6Ly9sb2NhbGhvc3Q6NDQzMzcvIn0.Y6jC8TJF_Mvunuafqs5wq2zEDpsa_bbNw-vvVcmsdVk', N'eyJhbGciOiJodHRwOi8vd3d3LnczLm9yZy8yMDAxLzA0L3htbGRzaWctbW9yZSNobWFjLXNoYTI1NiIsInR5cCI6IkpXVCIsImN0eSI6IkpXVCJ9.eyJzdWIiOiJzeXNhZG1pbiIsImp0aSI6ImY5YWU0ZWNkLWI4MTYtNDdiMy1iOThmLTFiMjEyMTNlMzA0MyIsImlhdCI6MTY3MDk0MTUyOSwiaHR0cDovL3NjaGVtYXMubWljcm9zb2Z0LmNvbS93cy8yMDA4LzA2L2lkZW50aXR5L2NsYWltcy9yb2xlIjoiU3lzYWRtaW4iLCJPcmdhbml6YXRpb25JZCI6IjAiLCJuYmYiOjE2NzA5NDE1MjgsImV4cCI6MTY3MzUzMzUyOCwiaXNzIjoiaHR0cHM6Ly9sb2NhbGhvc3Q6NDQzMzcvIiwiYXVkIjoiaHR0cHM6Ly9sb2NhbGhvc3Q6NDQzMzcvIn0.A77JgNqTQuqNej_BjaOhyuu9V5MDEd7aJipiRFP4Y2E', CAST(N'2022-12-14T19:55:28.767' AS DateTime), NULL, NULL, CAST(N'2023-01-12T19:55:28.767' AS DateTime)),
			  
			  (10002, 1, N'eyJhbGciOiJodHRwOi8vd3d3LnczLm9yZy8yMDAxLzA0L3htbGRzaWctbW9yZSNobWFjLXNoYTI1NiIsInR5cCI6IkpXVCIsImN0eSI6IkpXVCJ9.eyJzdWIiOiJBcHBsaWNhdGlvbkFkbWluVXNlciIsImp0aSI6ImEwZjNkMGYwLTdjYWUtNGYzYi1hMGUxLTFmODk1OWVlMGU0YyIsImlhdCI6MTY3MjQ4MDk5NywiVXNlcklkIjoiMSIsIk9yZ2FuaXphdGlvbklkIjoiMCIsIm5iZiI6MTY3MjQ4MDk5NywiZXhwIjoxNjcyNTY3Mzk3LCJpc3MiOiJodHRwczovL2xvY2FsaG9zdDo0NDMzNy8iLCJhdWQiOiJodHRwczovL2xvY2FsaG9zdDo0NDMzNy8ifQ.Mv1YH8JGdPhF0M3SBdEjkN0bVsn9ETONfr6_RE_tAsM', N'eyJhbGciOiJodHRwOi8vd3d3LnczLm9yZy8yMDAxLzA0L3htbGRzaWctbW9yZSNobWFjLXNoYTI1NiIsInR5cCI6IkpXVCIsImN0eSI6IkpXVCJ9.eyJzdWIiOiJBcHBsaWNhdGlvbkFkbWluVXNlciIsImp0aSI6ImEwZjNkMGYwLTdjYWUtNGYzYi1hMGUxLTFmODk1OWVlMGU0YyIsImlhdCI6MTY3MjQ4MDk5NywiVXNlcklkIjoiMSIsIk9yZ2FuaXphdGlvbklkIjoiMCIsIm5iZiI6MTY3MjQ4MDk5NywiZXhwIjoxNjc1MDcyOTk3LCJpc3MiOiJodHRwczovL2xvY2FsaG9zdDo0NDMzNy8iLCJhdWQiOiJodHRwczovL2xvY2FsaG9zdDo0NDMzNy8ifQ.69utl4b9GsPmryxi6aAqAh4CBTUnVRFoNIi2G468U44', CAST(N'2023-01-01T15:33:18.803' AS DateTime), NULL, NULL, CAST(N'2023-01-30T15:33:18.803' AS DateTime)),
			  
			  (10003, 0, N'eyJhbGciOiJodHRwOi8vd3d3LnczLm9yZy8yMDAxLzA0L3htbGRzaWctbW9yZSNobWFjLXNoYTI1NiIsInR5cCI6IkpXVCIsImN0eSI6IkpXVCJ9.eyJzdWIiOiJzeXNhZG1pbiIsImp0aSI6IjNiZWM4ODVjLTU1ZGUtNDVmZS05YWYwLWQyMWVjYjQxNmZkYSIsImlhdCI6MTY3NTA2NDY5OSwiVXNlcklkIjoiMCIsIk9yZ2FuaXphdGlvbklkIjoiMCIsIm5iZiI6MTY3NTA2NDY5OCwiZXhwIjoxNjc1MTUxMDk4LCJpc3MiOiJodHRwczovL2xvY2FsaG9zdDo0NDMzNy8iLCJhdWQiOiJodHRwczovL2xvY2FsaG9zdDo0NDMzNy8ifQ.7uzELifgbwBY80Ui3HvaBrS_Ff6L4JuKnbIuyxZgWYY', N'eyJhbGciOiJodHRwOi8vd3d3LnczLm9yZy8yMDAxLzA0L3htbGRzaWctbW9yZSNobWFjLXNoYTI1NiIsInR5cCI6IkpXVCIsImN0eSI6IkpXVCJ9.eyJzdWIiOiJzeXNhZG1pbiIsImp0aSI6IjNiZWM4ODVjLTU1ZGUtNDVmZS05YWYwLWQyMWVjYjQxNmZkYSIsImlhdCI6MTY3NTA2NDY5OSwiVXNlcklkIjoiMCIsIk9yZ2FuaXphdGlvbklkIjoiMCIsIm5iZiI6MTY3NTA2NDY5OCwiZXhwIjoxNjc3NjU2Njk4LCJpc3MiOiJodHRwczovL2xvY2FsaG9zdDo0NDMzNy8iLCJhdWQiOiJodHRwczovL2xvY2FsaG9zdDo0NDMzNy8ifQ.g_DBKdv7L9yMzTQ_AppQQ14-qy05rYNLp6SqEUr99PQ', CAST(N'2023-01-31T13:14:59.013' AS DateTime), NULL, NULL, CAST(N'2023-03-01T13:14:59.013' AS DateTime)),
			  
			  (10004, 0, N'eyJhbGciOiJodHRwOi8vd3d3LnczLm9yZy8yMDAxLzA0L3htbGRzaWctbW9yZSNobWFjLXNoYTI1NiIsInR5cCI6IkpXVCIsImN0eSI6IkpXVCJ9.eyJzdWIiOiJzeXNhZG1pbiIsImp0aSI6ImYxN2M4ODY0LTc2M2MtNGExYy1hNzYyLTRjMDJmYjc0ZjBkMiIsImlhdCI6MTY3NTA2ODQyNywiVXNlcklkIjoiMCIsIk9yZ2FuaXphdGlvbklkIjoiMCIsIm5iZiI6MTY3NTA2ODQyNywiZXhwIjoxNjc1MTU0ODI3LCJpc3MiOiJodHRwczovL2xvY2FsaG9zdDo0NDMzNy8iLCJhdWQiOiJodHRwczovL2xvY2FsaG9zdDo0NDMzNy8ifQ.re2z-DmQysTK6uAF_SPrrAGx-VgOGJfS-MZ_5M2FT_Y', N'eyJhbGciOiJodHRwOi8vd3d3LnczLm9yZy8yMDAxLzA0L3htbGRzaWctbW9yZSNobWFjLXNoYTI1NiIsInR5cCI6IkpXVCIsImN0eSI6IkpXVCJ9.eyJzdWIiOiJzeXNhZG1pbiIsImp0aSI6ImYxN2M4ODY0LTc2M2MtNGExYy1hNzYyLTRjMDJmYjc0ZjBkMiIsImlhdCI6MTY3NTA2ODQyNywiVXNlcklkIjoiMCIsIk9yZ2FuaXphdGlvbklkIjoiMCIsIm5iZiI6MTY3NTA2ODQyNywiZXhwIjoxNjc3NjYwNDI3LCJpc3MiOiJodHRwczovL2xvY2FsaG9zdDo0NDMzNy8iLCJhdWQiOiJodHRwczovL2xvY2FsaG9zdDo0NDMzNy8ifQ.ipPsHtXB-8uQCxDwIo3Mg2NezWZSlpZQV1wrh7SrIJU', CAST(N'2023-01-31T14:17:07.313' AS DateTime), NULL, NULL, CAST(N'2023-03-01T14:17:07.313' AS DateTime)),
			  
			  (10005, 0, N'eyJhbGciOiJodHRwOi8vd3d3LnczLm9yZy8yMDAxLzA0L3htbGRzaWctbW9yZSNobWFjLXNoYTI1NiIsInR5cCI6IkpXVCIsImN0eSI6IkpXVCJ9.eyJzdWIiOiJzeXNhZG1pbiIsImp0aSI6IjhlNmY1ZWVjLTFiNzMtNGZiNS05NGNkLTcwZDIyMjdiNzE5OSIsImlhdCI6MTY3NTA2OTA0MCwiVXNlcklkIjoiMCIsIk9yZ2FuaXphdGlvbklkIjoiMCIsIm5iZiI6MTY3NTA2OTA0MCwiZXhwIjoxNjc1MTU1NDQwLCJpc3MiOiJodHRwczovL2xvY2FsaG9zdDo0NDMzNy8iLCJhdWQiOiJodHRwczovL2xvY2FsaG9zdDo0NDMzNy8ifQ.h8pBCeomXCqTHrSej2l40QjwiO_cQSrZqU1TBVnHmwM', N'eyJhbGciOiJodHRwOi8vd3d3LnczLm9yZy8yMDAxLzA0L3htbGRzaWctbW9yZSNobWFjLXNoYTI1NiIsInR5cCI6IkpXVCIsImN0eSI6IkpXVCJ9.eyJzdWIiOiJzeXNhZG1pbiIsImp0aSI6IjhlNmY1ZWVjLTFiNzMtNGZiNS05NGNkLTcwZDIyMjdiNzE5OSIsImlhdCI6MTY3NTA2OTA0MCwiVXNlcklkIjoiMCIsIk9yZ2FuaXphdGlvbklkIjoiMCIsIm5iZiI6MTY3NTA2OTA0MCwiZXhwIjoxNjc3NjYxMDQwLCJpc3MiOiJodHRwczovL2xvY2FsaG9zdDo0NDMzNy8iLCJhdWQiOiJodHRwczovL2xvY2FsaG9zdDo0NDMzNy8ifQ.co4fZOx-5R1VakwKCQQKs0gYREybm5HyXeP3azqbvVk', CAST(N'2023-01-31T14:27:20.183' AS DateTime), NULL, NULL, CAST(N'2023-03-01T14:27:20.183' AS DateTime)),
			  
			  (10006, 0, N'eyJhbGciOiJodHRwOi8vd3d3LnczLm9yZy8yMDAxLzA0L3htbGRzaWctbW9yZSNobWFjLXNoYTI1NiIsInR5cCI6IkpXVCIsImN0eSI6IkpXVCJ9.eyJzdWIiOiJzeXNhZG1pbiIsImp0aSI6IjIyNjBmMjdlLTZlOGMtNDMzMC1hOTRjLTdiMDhlMWJmYWI4NSIsImlhdCI6MTY3NTA2OTg0MiwiVXNlcklkIjoiMCIsIk9yZ2FuaXphdGlvbklkIjoiMCIsIm5iZiI6MTY3NTA2OTg0MiwiZXhwIjoxNjc1MTU2MjQyLCJpc3MiOiJodHRwczovL2xvY2FsaG9zdDo0NDMzNy8iLCJhdWQiOiJodHRwczovL2xvY2FsaG9zdDo0NDMzNy8ifQ.f_euDuQsYfFK_qVICN08_DduOGIfRFEHrepktTfgpjE', N'eyJhbGciOiJodHRwOi8vd3d3LnczLm9yZy8yMDAxLzA0L3htbGRzaWctbW9yZSNobWFjLXNoYTI1NiIsInR5cCI6IkpXVCIsImN0eSI6IkpXVCJ9.eyJzdWIiOiJzeXNhZG1pbiIsImp0aSI6IjIyNjBmMjdlLTZlOGMtNDMzMC1hOTRjLTdiMDhlMWJmYWI4NSIsImlhdCI6MTY3NTA2OTg0MiwiVXNlcklkIjoiMCIsIk9yZ2FuaXphdGlvbklkIjoiMCIsIm5iZiI6MTY3NTA2OTg0MiwiZXhwIjoxNjc3NjYxODQyLCJpc3MiOiJodHRwczovL2xvY2FsaG9zdDo0NDMzNy8iLCJhdWQiOiJodHRwczovL2xvY2FsaG9zdDo0NDMzNy8ifQ.LAN2j9GWDFOORt87PhOi7wiUTKKa-2hCSX2zBQBEcF8', CAST(N'2023-01-31T14:40:42.040' AS DateTime), NULL, NULL, CAST(N'2023-03-01T14:40:42.040' AS DateTime)),
			  
			  (10007, 0, N'eyJhbGciOiJodHRwOi8vd3d3LnczLm9yZy8yMDAxLzA0L3htbGRzaWctbW9yZSNobWFjLXNoYTI1NiIsInR5cCI6IkpXVCIsImN0eSI6IkpXVCJ9.eyJzdWIiOiJzeXNhZG1pbiIsImp0aSI6IjcyNzZhZTE1LWQ4N2EtNGY4NC1hNTY4LTU2NTUxOGE5MTZjMSIsImlhdCI6MTY3NTA2OTk3MSwiVXNlcklkIjoiMCIsIk9yZ2FuaXphdGlvbklkIjoiMCIsIm5iZiI6MTY3NTA2OTk3MSwiZXhwIjoxNjc1MTU2MzcxLCJpc3MiOiJodHRwczovL2xvY2FsaG9zdDo0NDMzNy8iLCJhdWQiOiJodHRwczovL2xvY2FsaG9zdDo0NDMzNy8ifQ.eCcFyj3Fw2xm1NUapj3yNhqE1cLQ0_eaSbfeDg4md2M', N'eyJhbGciOiJodHRwOi8vd3d3LnczLm9yZy8yMDAxLzA0L3htbGRzaWctbW9yZSNobWFjLXNoYTI1NiIsInR5cCI6IkpXVCIsImN0eSI6IkpXVCJ9.eyJzdWIiOiJzeXNhZG1pbiIsImp0aSI6IjcyNzZhZTE1LWQ4N2EtNGY4NC1hNTY4LTU2NTUxOGE5MTZjMSIsImlhdCI6MTY3NTA2OTk3MSwiVXNlcklkIjoiMCIsIk9yZ2FuaXphdGlvbklkIjoiMCIsIm5iZiI6MTY3NTA2OTk3MSwiZXhwIjoxNjc3NjYxOTcxLCJpc3MiOiJodHRwczovL2xvY2FsaG9zdDo0NDMzNy8iLCJhdWQiOiJodHRwczovL2xvY2FsaG9zdDo0NDMzNy8ifQ.VIszOIYZHGMe4qelyLdwgFGuGXJguoFwSQMzcmZMIz4', CAST(N'2023-01-31T14:42:51.333' AS DateTime), NULL, NULL, CAST(N'2023-03-01T14:42:51.333' AS DateTime)),
			  
			  (10008, 0, N'eyJhbGciOiJodHRwOi8vd3d3LnczLm9yZy8yMDAxLzA0L3htbGRzaWctbW9yZSNobWFjLXNoYTI1NiIsInR5cCI6IkpXVCIsImN0eSI6IkpXVCJ9.eyJzdWIiOiJzeXNhZG1pbiIsImp0aSI6IjI2OTFhOWJiLTNlMGEtNDAyOS04Y2ZmLTkzYjE3MDk2Zjg3ZCIsImlhdCI6MTY3NTA3MDE2NCwiVXNlcklkIjoiMCIsIk9yZ2FuaXphdGlvbklkIjoiMCIsIm5iZiI6MTY3NTA3MDE2NCwiZXhwIjoxNjc1MTU2NTY0LCJpc3MiOiJodHRwczovL2xvY2FsaG9zdDo0NDMzNy8iLCJhdWQiOiJodHRwczovL2xvY2FsaG9zdDo0NDMzNy8ifQ.tGGiD-o2pfdTdBSzI1nFYWrXzbzkWtTodjX0iwEQ24g', N'eyJhbGciOiJodHRwOi8vd3d3LnczLm9yZy8yMDAxLzA0L3htbGRzaWctbW9yZSNobWFjLXNoYTI1NiIsInR5cCI6IkpXVCIsImN0eSI6IkpXVCJ9.eyJzdWIiOiJzeXNhZG1pbiIsImp0aSI6IjI2OTFhOWJiLTNlMGEtNDAyOS04Y2ZmLTkzYjE3MDk2Zjg3ZCIsImlhdCI6MTY3NTA3MDE2NCwiVXNlcklkIjoiMCIsIk9yZ2FuaXphdGlvbklkIjoiMCIsIm5iZiI6MTY3NTA3MDE2NCwiZXhwIjoxNjc3NjYyMTY0LCJpc3MiOiJodHRwczovL2xvY2FsaG9zdDo0NDMzNy8iLCJhdWQiOiJodHRwczovL2xvY2FsaG9zdDo0NDMzNy8ifQ.tGC0vR6Y9xxmkrpJg4aU0YjKw8Z24QlcHjRv5UdNe5c', CAST(N'2023-01-31T14:46:04.210' AS DateTime), NULL, NULL, CAST(N'2023-03-01T14:46:04.210' AS DateTime)),
			  
			  (10009, 0, N'eyJhbGciOiJodHRwOi8vd3d3LnczLm9yZy8yMDAxLzA0L3htbGRzaWctbW9yZSNobWFjLXNoYTI1NiIsInR5cCI6IkpXVCIsImN0eSI6IkpXVCJ9.eyJzdWIiOiJzeXNhZG1pbiIsImp0aSI6ImZhM2Q4N2U1LTQ2ZjctNDRlMS1hMDlmLTYwMjY2NmFjOWYxZiIsImlhdCI6MTY3NTA3MDM4MSwiVXNlcklkIjoiMCIsIk9yZ2FuaXphdGlvbklkIjoiMCIsIm5iZiI6MTY3NTA3MDM4MCwiZXhwIjoxNjc1MTU2NzgwLCJpc3MiOiJodHRwczovL2xvY2FsaG9zdDo0NDMzNy8iLCJhdWQiOiJodHRwczovL2xvY2FsaG9zdDo0NDMzNy8ifQ.sLeTbei36CNS7MHW32NFcMYw4-KEjTxk6dYreBJSwxo', N'eyJhbGciOiJodHRwOi8vd3d3LnczLm9yZy8yMDAxLzA0L3htbGRzaWctbW9yZSNobWFjLXNoYTI1NiIsInR5cCI6IkpXVCIsImN0eSI6IkpXVCJ9.eyJzdWIiOiJzeXNhZG1pbiIsImp0aSI6ImZhM2Q4N2U1LTQ2ZjctNDRlMS1hMDlmLTYwMjY2NmFjOWYxZiIsImlhdCI6MTY3NTA3MDM4MSwiVXNlcklkIjoiMCIsIk9yZ2FuaXphdGlvbklkIjoiMCIsIm5iZiI6MTY3NTA3MDM4MCwiZXhwIjoxNjc3NjYyMzgwLCJpc3MiOiJodHRwczovL2xvY2FsaG9zdDo0NDMzNy8iLCJhdWQiOiJodHRwczovL2xvY2FsaG9zdDo0NDMzNy8ifQ.51s_lVhQxNg-qQVZngjMm_3EueOgJb0wm-6bRpevfqU', CAST(N'2023-01-31T14:49:40.677' AS DateTime), NULL, NULL, CAST(N'2023-03-01T14:49:40.677' AS DateTime)),
			  
			  (10010, 0, N'eyJhbGciOiJodHRwOi8vd3d3LnczLm9yZy8yMDAxLzA0L3htbGRzaWctbW9yZSNobWFjLXNoYTI1NiIsInR5cCI6IkpXVCIsImN0eSI6IkpXVCJ9.eyJzdWIiOiJzeXNhZG1pbiIsImp0aSI6IjU1NjFlNzFmLTk0YjEtNDhhYS04MTc2LWNjZjg4MjU1M2ZjMiIsImlhdCI6MTY3NTA3MTYzNiwiVXNlcklkIjoiMCIsIk9yZ2FuaXphdGlvbklkIjoiMCIsIm5iZiI6MTY3NTA3MTYzNSwiZXhwIjoxNjc1MTU4MDM1LCJpc3MiOiJodHRwczovL2xvY2FsaG9zdDo0NDMzNy8iLCJhdWQiOiJodHRwczovL2xvY2FsaG9zdDo0NDMzNy8ifQ.M4Dl8Ea_38dhfFQQNYiKeEYC9FgFP-lmagLiRDwicYQ', N'eyJhbGciOiJodHRwOi8vd3d3LnczLm9yZy8yMDAxLzA0L3htbGRzaWctbW9yZSNobWFjLXNoYTI1NiIsInR5cCI6IkpXVCIsImN0eSI6IkpXVCJ9.eyJzdWIiOiJzeXNhZG1pbiIsImp0aSI6IjU1NjFlNzFmLTk0YjEtNDhhYS04MTc2LWNjZjg4MjU1M2ZjMiIsImlhdCI6MTY3NTA3MTYzNiwiVXNlcklkIjoiMCIsIk9yZ2FuaXphdGlvbklkIjoiMCIsIm5iZiI6MTY3NTA3MTYzNSwiZXhwIjoxNjc3NjYzNjM1LCJpc3MiOiJodHRwczovL2xvY2FsaG9zdDo0NDMzNy8iLCJhdWQiOiJodHRwczovL2xvY2FsaG9zdDo0NDMzNy8ifQ.2n0QKulSGBcNPR5xxko4VgmOCBTZ217bZqXml6ujjmU', CAST(N'2023-01-31T15:10:35.953' AS DateTime), NULL, NULL, CAST(N'2023-03-01T15:10:35.953' AS DateTime)),
			  
			  (10011, 0, N'eyJhbGciOiJodHRwOi8vd3d3LnczLm9yZy8yMDAxLzA0L3htbGRzaWctbW9yZSNobWFjLXNoYTI1NiIsInR5cCI6IkpXVCIsImN0eSI6IkpXVCJ9.eyJzdWIiOiJzeXNhZG1pbiIsImp0aSI6IjNiNTcwZDU3LTFjMDMtNGFmNC1hYzdjLTc0YWVjYTNiNGJiNCIsImlhdCI6MTY3NTI2MDY1MSwiVXNlcklkIjoiMCIsIk9yZ2FuaXphdGlvbklkIjoiMCIsIm5iZiI6MTY3NTI2MDY1MCwiZXhwIjoxNjc1MzQ3MDUwLCJpc3MiOiJodHRwczovL2xvY2FsaG9zdDo0NDMzNy8iLCJhdWQiOiJodHRwczovL2xvY2FsaG9zdDo0NDMzNy8ifQ.nduULhUVp8-Qx2Vx4VTZSYaHZxsJuHQhCoxEkP6ae0c', N'eyJhbGciOiJodHRwOi8vd3d3LnczLm9yZy8yMDAxLzA0L3htbGRzaWctbW9yZSNobWFjLXNoYTI1NiIsInR5cCI6IkpXVCIsImN0eSI6IkpXVCJ9.eyJzdWIiOiJzeXNhZG1pbiIsImp0aSI6IjNiNTcwZDU3LTFjMDMtNGFmNC1hYzdjLTc0YWVjYTNiNGJiNCIsImlhdCI6MTY3NTI2MDY1MSwiVXNlcklkIjoiMCIsIk9yZ2FuaXphdGlvbklkIjoiMCIsIm5iZiI6MTY3NTI2MDY1MCwiZXhwIjoxNjc3ODUyNjUwLCJpc3MiOiJodHRwczovL2xvY2FsaG9zdDo0NDMzNy8iLCJhdWQiOiJodHRwczovL2xvY2FsaG9zdDo0NDMzNy8ifQ.e2dI-urRw_3lPA4k_3qwIbk5W2d49tLCmIbCkYY9M8M', CAST(N'2023-02-02T19:40:51.380' AS DateTime), NULL, NULL, CAST(N'2023-03-03T19:40:51.380' AS DateTime)),
			  
			  (20011, 0, N'eyJhbGciOiJodHRwOi8vd3d3LnczLm9yZy8yMDAxLzA0L3htbGRzaWctbW9yZSNobWFjLXNoYTI1NiIsInR5cCI6IkpXVCIsImN0eSI6IkpXVCJ9.eyJzdWIiOiJzeXNhZG1pbiIsImp0aSI6IjU1NTAzZTJmLWI2ZWEtNGExMC1hOGNkLTU2YTI3ZGEyYzI3YSIsImlhdCI6MTY3NTY2MjkwOSwiVXNlcklkIjoiMCIsIk9yZ2FuaXphdGlvbklkIjoiMCIsIm5iZiI6MTY3NTY2MjkwOSwiZXhwIjoxNjc1NzQ5MzA5LCJpc3MiOiJodHRwczovL2xvY2FsaG9zdDo0NDMzNy8iLCJhdWQiOiJodHRwczovL2xvY2FsaG9zdDo0NDMzNy8ifQ.Yad0wf7vZrmAYCUYx1-FSN8tFf3uazV6RCO1xHtU948', N'eyJhbGciOiJodHRwOi8vd3d3LnczLm9yZy8yMDAxLzA0L3htbGRzaWctbW9yZSNobWFjLXNoYTI1NiIsInR5cCI6IkpXVCIsImN0eSI6IkpXVCJ9.eyJzdWIiOiJzeXNhZG1pbiIsImp0aSI6IjU1NTAzZTJmLWI2ZWEtNGExMC1hOGNkLTU2YTI3ZGEyYzI3YSIsImlhdCI6MTY3NTY2MjkwOSwiVXNlcklkIjoiMCIsIk9yZ2FuaXphdGlvbklkIjoiMCIsIm5iZiI6MTY3NTY2MjkwOSwiZXhwIjoxNjc4MjU0OTA5LCJpc3MiOiJodHRwczovL2xvY2FsaG9zdDo0NDMzNy8iLCJhdWQiOiJodHRwczovL2xvY2FsaG9zdDo0NDMzNy8ifQ.gQZz1T71i8W0PjAJbUC0xjSXxRM9ggEzTkxjmrEghxI', CAST(N'2023-02-07T11:27:55.277' AS DateTime), NULL, NULL, CAST(N'2023-03-08T11:27:55.320' AS DateTime)),
			  
			  (20012, 0, N'eyJhbGciOiJodHRwOi8vd3d3LnczLm9yZy8yMDAxLzA0L3htbGRzaWctbW9yZSNobWFjLXNoYTI1NiIsInR5cCI6IkpXVCIsImN0eSI6IkpXVCJ9.eyJzdWIiOiJzeXNhZG1pbiIsImp0aSI6IjU1MGI5YmY0LTU5OTMtNDhjMi1iZDNjLWU5NTk3N2NiOGVjOSIsImlhdCI6MTY3NTY2NTkxNSwiVXNlcklkIjoiMCIsIk9yZ2FuaXphdGlvbklkIjoiMCIsIm5iZiI6MTY3NTY2NTkxNCwiZXhwIjoxNjc1NzUyMzE0LCJpc3MiOiJodHRwczovL2xvY2FsaG9zdDo0NDMzNy8iLCJhdWQiOiJodHRwczovL2xvY2FsaG9zdDo0NDMzNy8ifQ.NBCEx8GL5xm4mLkfIQeKRHH2oYgMYZsDN1DJzC3PAks', N'eyJhbGciOiJodHRwOi8vd3d3LnczLm9yZy8yMDAxLzA0L3htbGRzaWctbW9yZSNobWFjLXNoYTI1NiIsInR5cCI6IkpXVCIsImN0eSI6IkpXVCJ9.eyJzdWIiOiJzeXNhZG1pbiIsImp0aSI6IjU1MGI5YmY0LTU5OTMtNDhjMi1iZDNjLWU5NTk3N2NiOGVjOSIsImlhdCI6MTY3NTY2NTkxNSwiVXNlcklkIjoiMCIsIk9yZ2FuaXphdGlvbklkIjoiMCIsIm5iZiI6MTY3NTY2NTkxNCwiZXhwIjoxNjc4MjU3OTE0LCJpc3MiOiJodHRwczovL2xvY2FsaG9zdDo0NDMzNy8iLCJhdWQiOiJodHRwczovL2xvY2FsaG9zdDo0NDMzNy8ifQ.5Mwqg64e9w1-99m88xwLQ7L0N9TU8aIDFgKdpFZpOts', CAST(N'2023-02-07T12:15:14.937' AS DateTime), NULL, NULL, CAST(N'2023-03-08T12:15:14.937' AS DateTime)),
			  
			  (20013, 0, N'eyJhbGciOiJodHRwOi8vd3d3LnczLm9yZy8yMDAxLzA0L3htbGRzaWctbW9yZSNobWFjLXNoYTI1NiIsInR5cCI6IkpXVCIsImN0eSI6IkpXVCJ9.eyJzdWIiOiJzeXNhZG1pbiIsImp0aSI6IjEzYzhjNDI5LWRmMmYtNGMzNC04MjM3LWE0ODNjZjg2NjI4ZCIsImlhdCI6MTY3NTY3MTU1OCwiVXNlcklkIjoiMCIsIk9yZ2FuaXphdGlvbklkIjoiMCIsIm5iZiI6MTY3NTY3MTU1OCwiZXhwIjoxNjc1NzU3OTU4LCJpc3MiOiJodHRwczovL2xvY2FsaG9zdDo0NDMzNy8iLCJhdWQiOiJodHRwczovL2xvY2FsaG9zdDo0NDMzNy8ifQ._v9zE50zuSS9296yfChqHnvWkTYWUttxJlqs09TNJTA', N'eyJhbGciOiJodHRwOi8vd3d3LnczLm9yZy8yMDAxLzA0L3htbGRzaWctbW9yZSNobWFjLXNoYTI1NiIsInR5cCI6IkpXVCIsImN0eSI6IkpXVCJ9.eyJzdWIiOiJzeXNhZG1pbiIsImp0aSI6IjEzYzhjNDI5LWRmMmYtNGMzNC04MjM3LWE0ODNjZjg2NjI4ZCIsImlhdCI6MTY3NTY3MTU1OCwiVXNlcklkIjoiMCIsIk9yZ2FuaXphdGlvbklkIjoiMCIsIm5iZiI6MTY3NTY3MTU1OCwiZXhwIjoxNjc4MjYzNTU4LCJpc3MiOiJodHRwczovL2xvY2FsaG9zdDo0NDMzNy8iLCJhdWQiOiJodHRwczovL2xvY2FsaG9zdDo0NDMzNy8ifQ.e27ejY3cU1UMgswuXX1a_5vsJObaEnTYZqg00ei0oMw', CAST(N'2023-02-07T13:49:18.397' AS DateTime), NULL, NULL, CAST(N'2023-03-08T13:49:18.397' AS DateTime)),
			  
			  (20014, 0, N'eyJhbGciOiJodHRwOi8vd3d3LnczLm9yZy8yMDAxLzA0L3htbGRzaWctbW9yZSNobWFjLXNoYTI1NiIsInR5cCI6IkpXVCIsImN0eSI6IkpXVCJ9.eyJzdWIiOiJzeXNhZG1pbiIsImp0aSI6ImZkZThiNGMxLWQ0NDQtNDUyMS04YTVlLTE2NGI2MDEzZGQxZCIsImlhdCI6MTY3NTY3MzkxNiwiVXNlcklkIjoiMCIsIk9yZ2FuaXphdGlvbklkIjoiMCIsIm5iZiI6MTY3NTY3MzkxNiwiZXhwIjoxNjc1NzYwMzE2LCJpc3MiOiJodHRwczovL2xvY2FsaG9zdDo0NDMzNy8iLCJhdWQiOiJodHRwczovL2xvY2FsaG9zdDo0NDMzNy8ifQ.pgAu6PW-TNup33i0Kq7YBO8e8AKd3XNh3CuDZ0TsFy4', N'eyJhbGciOiJodHRwOi8vd3d3LnczLm9yZy8yMDAxLzA0L3htbGRzaWctbW9yZSNobWFjLXNoYTI1NiIsInR5cCI6IkpXVCIsImN0eSI6IkpXVCJ9.eyJzdWIiOiJzeXNhZG1pbiIsImp0aSI6ImZkZThiNGMxLWQ0NDQtNDUyMS04YTVlLTE2NGI2MDEzZGQxZCIsImlhdCI6MTY3NTY3MzkxNiwiVXNlcklkIjoiMCIsIk9yZ2FuaXphdGlvbklkIjoiMCIsIm5iZiI6MTY3NTY3MzkxNiwiZXhwIjoxNjc4MjY1OTE2LCJpc3MiOiJodHRwczovL2xvY2FsaG9zdDo0NDMzNy8iLCJhdWQiOiJodHRwczovL2xvY2FsaG9zdDo0NDMzNy8ifQ.1P397P3TBcsaUVLBCIVVBGn0aVdFJljxUCDCQ8dzTFk', CAST(N'2023-02-07T14:28:47.727' AS DateTime), NULL, NULL, CAST(N'2023-03-08T14:28:47.780' AS DateTime)),
			  
			  (20015, 0, N'eyJhbGciOiJodHRwOi8vd3d3LnczLm9yZy8yMDAxLzA0L3htbGRzaWctbW9yZSNobWFjLXNoYTI1NiIsInR5cCI6IkpXVCIsImN0eSI6IkpXVCJ9.eyJzdWIiOiJzeXNhZG1pbiIsImp0aSI6IjM3N2Y5M2I0LTJiYWYtNDMyNi1hZDI2LWRjY2E4M2NjN2ZhNSIsImlhdCI6MTY3NTkxNDg0NiwiVXNlcklkIjoiMCIsIk9yZ2FuaXphdGlvbklkIjoiMCIsIm5iZiI6MTY3NTkxNDg0NiwiZXhwIjoxNjc2MDAxMjQ2LCJpc3MiOiJodHRwczovL2xvY2FsaG9zdDo0NDMzNy8iLCJhdWQiOiJodHRwczovL2xvY2FsaG9zdDo0NDMzNy8ifQ._v-K30TTUYifupXmN1wRsYkcQLPebFWCOTbc1GAEGRs', N'eyJhbGciOiJodHRwOi8vd3d3LnczLm9yZy8yMDAxLzA0L3htbGRzaWctbW9yZSNobWFjLXNoYTI1NiIsInR5cCI6IkpXVCIsImN0eSI6IkpXVCJ9.eyJzdWIiOiJzeXNhZG1pbiIsImp0aSI6IjM3N2Y5M2I0LTJiYWYtNDMyNi1hZDI2LWRjY2E4M2NjN2ZhNSIsImlhdCI6MTY3NTkxNDg0NiwiVXNlcklkIjoiMCIsIk9yZ2FuaXphdGlvbklkIjoiMCIsIm5iZiI6MTY3NTkxNDg0NiwiZXhwIjoxNjc4NTA2ODQ2LCJpc3MiOiJodHRwczovL2xvY2FsaG9zdDo0NDMzNy8iLCJhdWQiOiJodHRwczovL2xvY2FsaG9zdDo0NDMzNy8ifQ.M1o2FpkXE-42uiUuNsipoTVQFVmfsyIrru7VmkwRchU', CAST(N'2023-02-10T09:24:06.687' AS DateTime), NULL, NULL, CAST(N'2023-03-11T09:24:06.687' AS DateTime)),
			  
			  (20016, 0, N'eyJhbGciOiJodHRwOi8vd3d3LnczLm9yZy8yMDAxLzA0L3htbGRzaWctbW9yZSNobWFjLXNoYTI1NiIsInR5cCI6IkpXVCIsImN0eSI6IkpXVCJ9.eyJzdWIiOiJzeXNhZG1pbiIsImp0aSI6IjNlYjFiY2Q1LTRmOWYtNDEwYi1iNDE0LWRhYmRlNDFjYTk3MiIsImlhdCI6MTY3NTkxNjM0NSwiVXNlcklkIjoiMCIsIk9yZ2FuaXphdGlvbklkIjoiMCIsIm5iZiI6MTY3NTkxNjM0NSwiZXhwIjoxNjc2MDAyNzQ1LCJpc3MiOiJodHRwczovL2xvY2FsaG9zdDo0NDMzNy8iLCJhdWQiOiJodHRwczovL2xvY2FsaG9zdDo0NDMzNy8ifQ.oNFPwcWpJmyki0eEhCmTW5TFfqva-vDlrABkmhRymAA', N'eyJhbGciOiJodHRwOi8vd3d3LnczLm9yZy8yMDAxLzA0L3htbGRzaWctbW9yZSNobWFjLXNoYTI1NiIsInR5cCI6IkpXVCIsImN0eSI6IkpXVCJ9.eyJzdWIiOiJzeXNhZG1pbiIsImp0aSI6IjNlYjFiY2Q1LTRmOWYtNDEwYi1iNDE0LWRhYmRlNDFjYTk3MiIsImlhdCI6MTY3NTkxNjM0NSwiVXNlcklkIjoiMCIsIk9yZ2FuaXphdGlvbklkIjoiMCIsIm5iZiI6MTY3NTkxNjM0NSwiZXhwIjoxNjc4NTA4MzQ1LCJpc3MiOiJodHRwczovL2xvY2FsaG9zdDo0NDMzNy8iLCJhdWQiOiJodHRwczovL2xvY2FsaG9zdDo0NDMzNy8ifQ.CDVdogxmgd-XM9WrSL5IPRqmC3tt2iUgIns8DGA8FrI', CAST(N'2023-02-10T09:49:05.640' AS DateTime), NULL, NULL, CAST(N'2023-03-11T09:49:05.640' AS DateTime)),
			  
			  (20017, 0, N'eyJhbGciOiJodHRwOi8vd3d3LnczLm9yZy8yMDAxLzA0L3htbGRzaWctbW9yZSNobWFjLXNoYTI1NiIsInR5cCI6IkpXVCIsImN0eSI6IkpXVCJ9.eyJzdWIiOiJzeXNhZG1pbiIsImp0aSI6ImJiZWJjYzZjLWY2NTgtNDAzMy04YmI5LTBiOGU2OTk0MWY4YyIsImlhdCI6MTY3NTkxNjk0OCwiVXNlcklkIjoiMCIsIk9yZ2FuaXphdGlvbklkIjoiMCIsIm5iZiI6MTY3NTkxNjk0OCwiZXhwIjoxNjc2MDAzMzQ4LCJpc3MiOiJodHRwczovL2xvY2FsaG9zdDo0NDMzNy8iLCJhdWQiOiJodHRwczovL2xvY2FsaG9zdDo0NDMzNy8ifQ.Zj6XptRj_Dy-q0VG0sHABHz7G9-FT1wOTyn-Wjm18UM', N'eyJhbGciOiJodHRwOi8vd3d3LnczLm9yZy8yMDAxLzA0L3htbGRzaWctbW9yZSNobWFjLXNoYTI1NiIsInR5cCI6IkpXVCIsImN0eSI6IkpXVCJ9.eyJzdWIiOiJzeXNhZG1pbiIsImp0aSI6ImJiZWJjYzZjLWY2NTgtNDAzMy04YmI5LTBiOGU2OTk0MWY4YyIsImlhdCI6MTY3NTkxNjk0OCwiVXNlcklkIjoiMCIsIk9yZ2FuaXphdGlvbklkIjoiMCIsIm5iZiI6MTY3NTkxNjk0OCwiZXhwIjoxNjc4NTA4OTQ4LCJpc3MiOiJodHRwczovL2xvY2FsaG9zdDo0NDMzNy8iLCJhdWQiOiJodHRwczovL2xvY2FsaG9zdDo0NDMzNy8ifQ.CUlQU_dijaifQyoh_BprsXfHsSWeo9GbtrrIYqrsSxM', CAST(N'2023-02-10T09:59:08.403' AS DateTime), NULL, NULL, CAST(N'2023-03-11T09:59:08.403' AS DateTime)),
			  
			  (20018, 0, N'eyJhbGciOiJodHRwOi8vd3d3LnczLm9yZy8yMDAxLzA0L3htbGRzaWctbW9yZSNobWFjLXNoYTI1NiIsInR5cCI6IkpXVCIsImN0eSI6IkpXVCJ9.eyJzdWIiOiJzeXNhZG1pbiIsImp0aSI6IjFkN2ZiNTIyLWYxNGMtNGNlYy1hNWJhLTIxNWViYjI2N2UwNSIsImlhdCI6MTY3NTkxNzIyMCwiVXNlcklkIjoiMCIsIk9yZ2FuaXphdGlvbklkIjoiMCIsIm5iZiI6MTY3NTkxNzIxOSwiZXhwIjoxNjc2MDAzNjE5LCJpc3MiOiJodHRwczovL2xvY2FsaG9zdDo0NDMzNy8iLCJhdWQiOiJodHRwczovL2xvY2FsaG9zdDo0NDMzNy8ifQ.NXK_MUk1c73JSNiyUDv4uylQP2oANObQHJjLUWZDd-c', N'eyJhbGciOiJodHRwOi8vd3d3LnczLm9yZy8yMDAxLzA0L3htbGRzaWctbW9yZSNobWFjLXNoYTI1NiIsInR5cCI6IkpXVCIsImN0eSI6IkpXVCJ9.eyJzdWIiOiJzeXNhZG1pbiIsImp0aSI6IjFkN2ZiNTIyLWYxNGMtNGNlYy1hNWJhLTIxNWViYjI2N2UwNSIsImlhdCI6MTY3NTkxNzIyMCwiVXNlcklkIjoiMCIsIk9yZ2FuaXphdGlvbklkIjoiMCIsIm5iZiI6MTY3NTkxNzIxOSwiZXhwIjoxNjc4NTA5MjE5LCJpc3MiOiJodHRwczovL2xvY2FsaG9zdDo0NDMzNy8iLCJhdWQiOiJodHRwczovL2xvY2FsaG9zdDo0NDMzNy8ifQ.zi3VD2olp8RhQxE7meFeSGb-nuBXNBoG8METD6EeA8A', CAST(N'2023-02-10T10:03:39.763' AS DateTime), NULL, NULL, CAST(N'2023-03-11T10:03:39.763' AS DateTime)),
			  
			  (20019, 0, N'eyJhbGciOiJodHRwOi8vd3d3LnczLm9yZy8yMDAxLzA0L3htbGRzaWctbW9yZSNobWFjLXNoYTI1NiIsInR5cCI6IkpXVCIsImN0eSI6IkpXVCJ9.eyJzdWIiOiJzeXNhZG1pbiIsImp0aSI6IjVhNDc2NjJlLTEzNDItNGYyZi1hNzJiLTVmZWY0NWQ4MzlhYyIsImlhdCI6MTY3NTkxNzM0NCwiVXNlcklkIjoiMCIsIk9yZ2FuaXphdGlvbklkIjoiMCIsIm5iZiI6MTY3NTkxNzM0NCwiZXhwIjoxNjc2MDAzNzQ0LCJpc3MiOiJodHRwczovL2xvY2FsaG9zdDo0NDMzNy8iLCJhdWQiOiJodHRwczovL2xvY2FsaG9zdDo0NDMzNy8ifQ.qjAuCuswCKKfOsebJCSkTIUxNmL3wNbimloIhVFlaoY', N'eyJhbGciOiJodHRwOi8vd3d3LnczLm9yZy8yMDAxLzA0L3htbGRzaWctbW9yZSNobWFjLXNoYTI1NiIsInR5cCI6IkpXVCIsImN0eSI6IkpXVCJ9.eyJzdWIiOiJzeXNhZG1pbiIsImp0aSI6IjVhNDc2NjJlLTEzNDItNGYyZi1hNzJiLTVmZWY0NWQ4MzlhYyIsImlhdCI6MTY3NTkxNzM0NCwiVXNlcklkIjoiMCIsIk9yZ2FuaXphdGlvbklkIjoiMCIsIm5iZiI6MTY3NTkxNzM0NCwiZXhwIjoxNjc4NTA5MzQ0LCJpc3MiOiJodHRwczovL2xvY2FsaG9zdDo0NDMzNy8iLCJhdWQiOiJodHRwczovL2xvY2FsaG9zdDo0NDMzNy8ifQ.jhXFiIIOcelJrcWilYvd2LVS9j38p9F-vxr2GPOw8RM', CAST(N'2023-02-10T10:05:44.270' AS DateTime), NULL, NULL, CAST(N'2023-03-11T10:05:44.270' AS DateTime)),
			  
			  (20020, 0, N'eyJhbGciOiJodHRwOi8vd3d3LnczLm9yZy8yMDAxLzA0L3htbGRzaWctbW9yZSNobWFjLXNoYTI1NiIsInR5cCI6IkpXVCIsImN0eSI6IkpXVCJ9.eyJzdWIiOiJzeXNhZG1pbiIsImp0aSI6IjI4NTdiODVkLThhYTItNDY2Yy05ZTc0LTMyY2JiOGYxNDdmNyIsImlhdCI6MTY3NzY1ODAzNSwiVXNlcklkIjoiMCIsIk9yZ2FuaXphdGlvbklkIjoiMCIsIm5iZiI6MTY3NzY1ODAzNSwiZXhwIjoxNjc3NzQ0NDM1LCJpc3MiOiJodHRwczovL2xvY2FsaG9zdDo0NDMzNy8iLCJhdWQiOiJodHRwczovL2xvY2FsaG9zdDo0NDMzNy8ifQ.JqM-hNFxb9LK9mIp-5dqj1LeeekA1ChE1X5KHXlSKRY', N'eyJhbGciOiJodHRwOi8vd3d3LnczLm9yZy8yMDAxLzA0L3htbGRzaWctbW9yZSNobWFjLXNoYTI1NiIsInR5cCI6IkpXVCIsImN0eSI6IkpXVCJ9.eyJzdWIiOiJzeXNhZG1pbiIsImp0aSI6IjI4NTdiODVkLThhYTItNDY2Yy05ZTc0LTMyY2JiOGYxNDdmNyIsImlhdCI6MTY3NzY1ODAzNSwiVXNlcklkIjoiMCIsIk9yZ2FuaXphdGlvbklkIjoiMCIsIm5iZiI6MTY3NzY1ODAzNSwiZXhwIjoxNjgwMjUwMDM1LCJpc3MiOiJodHRwczovL2xvY2FsaG9zdDo0NDMzNy8iLCJhdWQiOiJodHRwczovL2xvY2FsaG9zdDo0NDMzNy8ifQ.ZaFD3464D-Mf6d5C5KX6-iGehN1huudsKy8O_Kj0ops', CAST(N'2023-03-02T13:37:15.717' AS DateTime), NULL, NULL, CAST(N'2023-03-31T13:37:15.717' AS DateTime)),
			  
			  (20021, 0, N'eyJhbGciOiJodHRwOi8vd3d3LnczLm9yZy8yMDAxLzA0L3htbGRzaWctbW9yZSNobWFjLXNoYTI1NiIsInR5cCI6IkpXVCIsImN0eSI6IkpXVCJ9.eyJzdWIiOiJzeXNhZG1pbiIsImp0aSI6IjZmNWIzMTc4LWFhMGQtNDNmZi1iNWZmLWVhYzYxNTc3ZDY2MCIsImlhdCI6MTY3NzY1OTM0OSwiVXNlcklkIjoiMCIsIk9yZ2FuaXphdGlvbklkIjoiMCIsIm5iZiI6MTY3NzY1OTM0OSwiZXhwIjoxNjc3NzQ1NzQ5LCJpc3MiOiJodHRwczovL2xvY2FsaG9zdDo0NDMzNy8iLCJhdWQiOiJodHRwczovL2xvY2FsaG9zdDo0NDMzNy8ifQ._t9rqIZb4-wBzSxP2buKS3kdwcqL0mHeBker4BA5jZo', N'eyJhbGciOiJodHRwOi8vd3d3LnczLm9yZy8yMDAxLzA0L3htbGRzaWctbW9yZSNobWFjLXNoYTI1NiIsInR5cCI6IkpXVCIsImN0eSI6IkpXVCJ9.eyJzdWIiOiJzeXNhZG1pbiIsImp0aSI6IjZmNWIzMTc4LWFhMGQtNDNmZi1iNWZmLWVhYzYxNTc3ZDY2MCIsImlhdCI6MTY3NzY1OTM0OSwiVXNlcklkIjoiMCIsIk9yZ2FuaXphdGlvbklkIjoiMCIsIm5iZiI6MTY3NzY1OTM0OSwiZXhwIjoxNjgwMjUxMzQ5LCJpc3MiOiJodHRwczovL2xvY2FsaG9zdDo0NDMzNy8iLCJhdWQiOiJodHRwczovL2xvY2FsaG9zdDo0NDMzNy8ifQ.cdJUZj0P3bdw8KCuPt2EIq6Z96uTwsHCltGkSeTOek8', CAST(N'2023-03-02T13:59:09.223' AS DateTime), NULL, NULL, CAST(N'2023-03-31T13:59:09.223' AS DateTime)),
			  
			  (20022, 0, N'eyJhbGciOiJodHRwOi8vd3d3LnczLm9yZy8yMDAxLzA0L3htbGRzaWctbW9yZSNobWFjLXNoYTI1NiIsInR5cCI6IkpXVCIsImN0eSI6IkpXVCJ9.eyJzdWIiOiJzeXNhZG1pbiIsImp0aSI6ImUwOGM1YWVhLWZlZDctNGUyNS05NDViLTk2YzgyODU4MjkxYyIsImlhdCI6MTY3NzY4MjM4OSwiVXNlcklkIjoiMCIsIk9yZ2FuaXphdGlvbklkIjoiMCIsIm5iZiI6MTY3NzY4MjM4OCwiZXhwIjoxNjc3NzY4Nzg4LCJpc3MiOiJodHRwczovL2xvY2FsaG9zdDo0NDMzNy8iLCJhdWQiOiJodHRwczovL2xvY2FsaG9zdDo0NDMzNy8ifQ.TyzPyZ-Sc1L0qTvMYqGoAUAYv-J75-pfxjZFungGYro', N'eyJhbGciOiJodHRwOi8vd3d3LnczLm9yZy8yMDAxLzA0L3htbGRzaWctbW9yZSNobWFjLXNoYTI1NiIsInR5cCI6IkpXVCIsImN0eSI6IkpXVCJ9.eyJzdWIiOiJzeXNhZG1pbiIsImp0aSI6ImUwOGM1YWVhLWZlZDctNGUyNS05NDViLTk2YzgyODU4MjkxYyIsImlhdCI6MTY3NzY4MjM4OSwiVXNlcklkIjoiMCIsIk9yZ2FuaXphdGlvbklkIjoiMCIsIm5iZiI6MTY3NzY4MjM4OCwiZXhwIjoxNjgwMjc0Mzg4LCJpc3MiOiJodHRwczovL2xvY2FsaG9zdDo0NDMzNy8iLCJhdWQiOiJodHRwczovL2xvY2FsaG9zdDo0NDMzNy8ifQ.rxQHM06h97N7NzoTEuRpaAA-QUy_LN2FcazHaDk5LO4', CAST(N'2023-03-02T20:23:09.123' AS DateTime), NULL, NULL, CAST(N'2023-03-31T20:23:09.123' AS DateTime)),
			  
			  (20023, 0, N'eyJhbGciOiJodHRwOi8vd3d3LnczLm9yZy8yMDAxLzA0L3htbGRzaWctbW9yZSNobWFjLXNoYTI1NiIsInR5cCI6IkpXVCIsImN0eSI6IkpXVCJ9.eyJzdWIiOiJzeXNhZG1pbiIsImp0aSI6ImZjNTRlZjk4LWE0YTctNGFiZS1hMmRkLWIyZWJjOWM4ODcyNyIsImlhdCI6MTY3NzY4MjYzMSwiVXNlcklkIjoiMCIsIk9yZ2FuaXphdGlvbklkIjoiMCIsIm5iZiI6MTY3NzY4MjYzMCwiZXhwIjoxNjc3NzY5MDMwLCJpc3MiOiJodHRwczovL2xvY2FsaG9zdDo0NDMzNy8iLCJhdWQiOiJodHRwczovL2xvY2FsaG9zdDo0NDMzNy8ifQ.P_HZLTLjdBilo9EStHHd9GDWpNcaqZRtzhr0JNZ8VDw', N'eyJhbGciOiJodHRwOi8vd3d3LnczLm9yZy8yMDAxLzA0L3htbGRzaWctbW9yZSNobWFjLXNoYTI1NiIsInR5cCI6IkpXVCIsImN0eSI6IkpXVCJ9.eyJzdWIiOiJzeXNhZG1pbiIsImp0aSI6ImZjNTRlZjk4LWE0YTctNGFiZS1hMmRkLWIyZWJjOWM4ODcyNyIsImlhdCI6MTY3NzY4MjYzMSwiVXNlcklkIjoiMCIsIk9yZ2FuaXphdGlvbklkIjoiMCIsIm5iZiI6MTY3NzY4MjYzMCwiZXhwIjoxNjgwMjc0NjMwLCJpc3MiOiJodHRwczovL2xvY2FsaG9zdDo0NDMzNy8iLCJhdWQiOiJodHRwczovL2xvY2FsaG9zdDo0NDMzNy8ifQ.RgS5lzYARtO08kriFUV2V5Gy2YMCKL-DXVHMeVJ5rkM', CAST(N'2023-03-02T20:27:10.977' AS DateTime), NULL, NULL, CAST(N'2023-03-31T20:27:10.977' AS DateTime)),
			  
			  (20024, 0, N'eyJhbGciOiJodHRwOi8vd3d3LnczLm9yZy8yMDAxLzA0L3htbGRzaWctbW9yZSNobWFjLXNoYTI1NiIsInR5cCI6IkpXVCIsImN0eSI6IkpXVCJ9.eyJzdWIiOiJzeXNhZG1pbiIsImp0aSI6IjE1MmFmNDU0LWZmNjItNDkxNy1iYjgwLTJhZTA5N2YzM2Q3ZSIsImlhdCI6MTY3NzY4Mjg4OCwiVXNlcklkIjoiMCIsIk9yZ2FuaXphdGlvbklkIjoiMCIsIm5iZiI6MTY3NzY4Mjg4NywiZXhwIjoxNjc3NzY5Mjg3LCJpc3MiOiJodHRwczovL2xvY2FsaG9zdDo0NDMzNy8iLCJhdWQiOiJodHRwczovL2xvY2FsaG9zdDo0NDMzNy8ifQ.0jTNtorinhPW_ghqeqMNQJ-LxgXJtILHciUyfETHqAA', N'eyJhbGciOiJodHRwOi8vd3d3LnczLm9yZy8yMDAxLzA0L3htbGRzaWctbW9yZSNobWFjLXNoYTI1NiIsInR5cCI6IkpXVCIsImN0eSI6IkpXVCJ9.eyJzdWIiOiJzeXNhZG1pbiIsImp0aSI6IjE1MmFmNDU0LWZmNjItNDkxNy1iYjgwLTJhZTA5N2YzM2Q3ZSIsImlhdCI6MTY3NzY4Mjg4OCwiVXNlcklkIjoiMCIsIk9yZ2FuaXphdGlvbklkIjoiMCIsIm5iZiI6MTY3NzY4Mjg4NywiZXhwIjoxNjgwMjc0ODg3LCJpc3MiOiJodHRwczovL2xvY2FsaG9zdDo0NDMzNy8iLCJhdWQiOiJodHRwczovL2xvY2FsaG9zdDo0NDMzNy8ifQ._2PELEwhpqD4w7C856Pcfrkvuw-TZ8OqpKrZ058ahwg', CAST(N'2023-03-02T20:31:27.890' AS DateTime), NULL, NULL, CAST(N'2023-03-31T20:31:27.893' AS DateTime)),
			  (20025, 0, N'eyJhbGciOiJodHRwOi8vd3d3LnczLm9yZy8yMDAxLzA0L3htbGRzaWctbW9yZSNobWFjLXNoYTI1NiIsInR5cCI6IkpXVCIsImN0eSI6IkpXVCJ9.eyJzdWIiOiJzeXNhZG1pbiIsImp0aSI6IjBjYWRjOGE1LWY2ZDMtNDczYy1hMzYzLTFmZDRlNDJiZGY1OSIsImlhdCI6MTY3Nzc0MzcxOSwiVXNlcklkIjoiMCIsIk9yZ2FuaXphdGlvbklkIjoiMCIsIm5iZiI6MTY3Nzc0MzcxOSwiZXhwIjoxNjc3ODMwMTE5LCJpc3MiOiJodHRwczovL2xvY2FsaG9zdDo0NDMzNy8iLCJhdWQiOiJodHRwczovL2xvY2FsaG9zdDo0NDMzNy8ifQ.qnUbtjpotNsfBnPcUkuRUzwaSIDKPg93w-jqYdrcBUA', N'eyJhbGciOiJodHRwOi8vd3d3LnczLm9yZy8yMDAxLzA0L3htbGRzaWctbW9yZSNobWFjLXNoYTI1NiIsInR5cCI6IkpXVCIsImN0eSI6IkpXVCJ9.eyJzdWIiOiJzeXNhZG1pbiIsImp0aSI6IjBjYWRjOGE1LWY2ZDMtNDczYy1hMzYzLTFmZDRlNDJiZGY1OSIsImlhdCI6MTY3Nzc0MzcxOSwiVXNlcklkIjoiMCIsIk9yZ2FuaXphdGlvbklkIjoiMCIsIm5iZiI6MTY3Nzc0MzcxOSwiZXhwIjoxNjgwMzM1NzE5LCJpc3MiOiJodHRwczovL2xvY2FsaG9zdDo0NDMzNy8iLCJhdWQiOiJodHRwczovL2xvY2FsaG9zdDo0NDMzNy8ifQ.s3j3JuvaWTbRAkQDFfJUVGuxvhLdgU4mTbUxEbLNxuM', CAST(N'2023-03-03T13:25:19.620' AS DateTime), NULL, NULL, CAST(N'2023-04-01T13:25:19.620' AS DateTime))
			  

    SET IDENTITY_INSERT [dbo].[LoginToken]  OFF
END
GO
IF NOT EXISTS (SELECT 1 FROM [PasswordLogin] WHERE ID IN (1))
BEGIN
    SET IDENTITY_INSERT [dbo].[PasswordLogin]  ON

    INSERT INTO [dbo].[PasswordLogin]
              ([Id], [PasswordHash], [PasswordSalt], [UserId], [ChangeDate])
         VALUES
             (0, N'qnVDMZYlsGjs4chNs1/qPidI70eDUZ1fzUF5EdCqdl0=', N'NDlzcm0GY1GqMgn+urXX9Q==', 0, CAST(N'2022-11-12T14:25:35.763' AS DateTime)),
			 (1, N'qnVDMZYlsGjs4chNs1/qPidI70eDUZ1fzUF5EdCqdl0=', N'NDlzcm0GY1GqMgn+urXX9Q==', 1, CAST(N'2022-07-27T18:10:44.400' AS DateTime))

    SET IDENTITY_INSERT [dbo].[PasswordLogin]  OFF
END
GO
--Authentication END
IF NOT EXISTS (SELECT 1 FROM [Application] WHERE ID IN (1))
BEGIN
    SET IDENTITY_INSERT [dbo].[Application]  ON

    INSERT INTO [dbo].[Application]
               ([Id], [Name], [Description], [IsDeleted])
         VALUES
               (1, N'Laboratory Management Application', N'Laboratory Management Application', 0)

    SET IDENTITY_INSERT [dbo].[Application]  OFF
END
GO
IF NOT EXISTS (SELECT 1 FROM [Module] WHERE Id = 0)
BEGIN
    SET IDENTITY_INSERT [dbo].[Module]  ON

    INSERT INTO [dbo].[Module]
               ([Id], [Name], [ApplicationId], [IsDeleted])
         VALUES
               (0, N'none', 1, 0),
			   
			   (1, N'CubeTesting', 1, 0),
			   
			   (2, N'WaterTesting', 1, 0),
			   
			   (3, N'Customer', 1, 0),
			   (4, N'Ui Page Type', 1, 0),
			   (5, N'Ui Control Type', 1, 0),
			   (6, N'Ui Page Metadata', 1, 0),
			   (7, N'Ui Page Validation',1,0)

    SET IDENTITY_INSERT [dbo].[Module]  OFF
END
GO
IF NOT EXISTS (SELECT 1 FROM [DataType] WHERE Id = 0)
BEGIN
    SET IDENTITY_INSERT [dbo].[DataType]  ON

    INSERT INTO [dbo].[DataType]
               ([Id], [Name], [IsDeleted])
			   VALUES
              (1, N'int', 0),
			  (2, N'string', 0),
			  (3, N'bit', 0)
    SET IDENTITY_INSERT [dbo].[DataType]  OFF
END
GO
IF NOT EXISTS (SELECT 1 FROM [LookupCategory] WHERE Id = 0)
BEGIN
    SET IDENTITY_INSERT [dbo].[LookupCategory]  ON

    INSERT INTO [dbo].[LookupCategory]
               ([Id], [Name], [IsDeleted])
			   VALUES
              (4, N'UIControlCategory', 0),
			  (1004, N'Null', 0),
			  (1005, N'Country', 0),
			  (1006, N'ActitvityMetadataType', 0),
			  (1007, N'TestReport', 0),
			  (1008, N'Payment', 0)
    SET IDENTITY_INSERT [dbo].[LookupCategory]  OFF
END
GO
IF NOT EXISTS (SELECT 1 FROM [Lookup] WHERE Id = 0)
BEGIN
    SET IDENTITY_INSERT [dbo].[Lookup]  ON
    INSERT INTO [dbo].[Lookup]
                ([Id], [Name], [LookupCategoryId], [IsDeleted])
			   VALUES
             (8, N'DataControl', 4, 0),
			 (9, N'NonDataControl', 4, 0),
			 (10, N'SubLevel1Control', 4, 0),
			 (1008, N'Indea', 1005, 0),
			 (1009, N'Pakistan', 1005, 0),
			 (1010, N'England', 1005, 0),
			 (1011, N'USA', 1005, 0),
			 (1012, N'Bangladesh', 1005, 0),
			 (1013, N'New Zealand', 1005, 0),
			 (1014, N'Paris', 1005, 0),
			 (1015, N'Static', 1006, 0),
			 (1016, N'Dynamic', 1006, 0),
			 (1020, N'_testReport.html', 1007, 0),
			 (1021, N'_payment.html', 1008, 0)
    SET IDENTITY_INSERT [dbo].[Lookup]  OFF
END
GO
IF NOT EXISTS (SELECT 1 FROM [UiControlType] WHERE Id = 0)
BEGIN
    SET IDENTITY_INSERT [dbo].[UiControlType]  ON
    INSERT INTO [dbo].[UiControlType]
                ([id], [Name], [DisplayName], [IsDeleted], [ControlCategoryId])
			   VALUES
           (1, N'text', N'User Name', 0, 8),
		   (2, N'password', N'Password', 0, 8),
		   (3, N'checkbox', N'Checkbox', 0, 8),
		   (4, N'radio', N'Radio', 0, 8),
		   (5, N'file', N'File', 0, 8),
		   (6, N'submit', N'Submit', 0, 9),
		   (7, N'button', N'Button', 0, 8),
		   (8, N'textarea', N'Textarea', 0, 8),
		   (9, N'date', N'Date', 0, 8),
		   (10, N'email', N'Email', 0, 8),
		   (11, N'image', N'Image', 0, 8),
		   (12, N'number', N'Number', 0, 8),
		   (13, N'tel', N'Telephone', 0, 8),
		   (14, N'time', N'Time', 0, 8),
		   (15, N'url', N'Url', 0, 8),
		   (16, N'reset', N'Reset', 0, 9),
		   (17, N'week', N'Week', 0, 8),
		   (18, N'search', N'Search', 0, 8),
		   (19, N'range', N'Range', 0, 8),
		   (20, N'month', N'Month', 0, 8),
		   (21, N'hidden', N'Hidden', 0, 8),
		   (22, N'datetime-local', N'Datetime-local', 0, 8),
		   (23, N'color', N'Color', 0, 8),
		   (24, N'card', N'Card', 0, 9),
		   (25, N'processStatus', N'Default Process Status', 0, 9),
		   (26, N'subLevel1ProcessStatus', N'Sub Leve 1 Process status', 0, 10),
		   (28, N'tabs', N'Default Tabs', 0, 9),
		   (29, N'subLevel1Tabs', N'Sub Level 1 Tabs', 0, 10),
		   (30, N'collapsableSection', N'Default Collapsable Section', 0, 9),
		   (31, N'subLevel1CollapsableSection', N'Sub Level 1 Collapsable Section', 0, 10),
		   (32, N'dropdown', N'Dropdown', 0, 8),
		   (33, N'grid', N'Grid', 0, 9),
		   (34, N'pincode', N'Pincode', 0, 8),
		   (35, N'year', N'Year', 0, 8),
		   (36, N'question', N'Question - Checkbox', 0, 9),
		   (37, N'workflowStage', N'Workflow Stage', 0, 8),
		   (38, N'Download', N'ReportTemplate', 0, 9)
    SET IDENTITY_INSERT [dbo].[UiControlType]  OFF
END
GO
IF NOT EXISTS (SELECT 1 FROM [UiControlCategoryType] WHERE Id = 0)
BEGIN
    SET IDENTITY_INSERT [dbo].[UiControlCategoryType]  ON
    INSERT INTO [dbo].[UiControlCategoryType]
              ([Id], [Name], [Template], [IsDeleted], [UiControlTypeId])
			   VALUES
              (1, N'Grid', N'~/Views/Common/Components/Grid/_gridTemplate1.cshtml', 0, 33),
			  (2, N'Grid Classic', N'~/Views/Common/Components/Grid/_gridTemplate2.cshtml', 0, 33),
			  (3, N'Text', N'~/Views/Common/Components/Text/_text.cshtml', 0, 1),
			  (5, N'Text Large', N'~/Views/Common/Components/Text/_text1.cshtml', 0, 1),
			  (1003, N'Checkbox', N'~/Views/Common/Components/Checkbox/_checkbox.cshtml', 0, 3),
			  (1004, N'Radio', N'~/Views/Common/Components/Radio/_radio.cshtml', 0, 4),
			  (1005, N'Submit', N'~/Views/Common/Components/Submit/_submit.cshtml', 0, 6),
			  (1006, N'Email', N'~/Views/Common/Components/Email/_email.cshtml', 0, 10),
			  (1007, N'Mobile Number', N'~/Views/Common/Components/Mobile/_mobileNumber.cshtml', 0, 12),
			  (1009, N'Time', N'~/Views/Common/Components/Date/_time.cshtml', 0, 14),
			  (1010, N'URL', N'~/Views/Common/Components/Url/_url.cshtml', 0, 15),
			  (1011, N'Date Time', N'~/Views/Common/Components/DateTime/_datetime-local.cshtml', 0, 22),
			  (1012, N'Progress Bar', N'~/Views/Common/Components/ProgressStatus/_progressStatusWithWorklofw.cshtml', 0, 25),
			  (1013, N'Tabs', N'~/Views/Common/Components/Tabs/_tabs.cshtml', 0, 28),
			  (1014, N'Collapsable Section', N'~/Views/Common/Components/CollapsableSection/_collapsableSection.cshtml', 0, 30),
			  (1015, N'Dropdown', N'~/Views/Common/Components/Dropdown/_dropdown.cshtml', 0, 32),
			  (1016, N'Pincode', N'~/Views/Common/Components/Pincode/_pincode.cshtml', 0, 34),
			  (1017, N'Null', N'Null', 0, 29),
			  (1020, N'Textarea', N'~/Views/Common/Components/Textarea/_textarea.cshtml', 0, 8),
			  (2004, N'File', N'~/Views/Common/Components/File/_file.cshtml', 0, 5),
			  (2006, N'Year', N'~/Views/Common/Components/DateTime/_year.cshtml', 0, 35),
			  (2007, N'Checkbox', N'~/Views/Common/Components/Question/_checkbox.cshtml', 0, 36),
			  (2008, N'WorkflowStage', N'~/Views/Common/Components/WorkflowStage/_workflowStage.cshtml', 0, 37),
			  (2010, N'Download', N'~/Views/Common/Components/Download/_download.cshtml', 0, 38),
			  (2011, N'MultiControlGrid', N'~/Views/Common/Components/Grid/_gridMultiControl.cshtml', 0, 33)
    SET IDENTITY_INSERT [dbo].[UiControlCategoryType]  OFF
END
GO
IF NOT EXISTS (SELECT 1 FROM [UiPageMetadata] WHERE Id = 0)
BEGIN
    SET IDENTITY_INSERT [dbo].[UiPageMetadata]  ON
    INSERT INTO [dbo].[UiPageMetadata]
              ([Id], [UiControlTypeId], [IsRequired], [UiControlDisplayName], [IsDeleted], [DataTypeId], [UiControlCategoryTypeId], [Name])
			   VALUES
            (3, 25, 0, N'ProgressStatus', 0, 1, 1012, N'progress1'),
			(4, 29, 0, N'Sample Recieving', 0, 1, 1017, N'lab1'),
			(5, 29, 0, N'Test Plan', 0, 1, 1017, N'disc1'),
			(6, 29, 0, N'Lab Analysis', 0, 1, 1017, N'disc2'),
			(7, 29, 0, N'Test Report', 0, 1, 1017, N'org1'),
			(8, 29, 0, N'Billing & Payment', 0, 1, 1017, N'equi1'),
			(9, 29, 0, N'Reference Materials', 0, 1, 1017, N'refer1'),
			(10, 29, 0, N'Quality Control Activities', 0, 1, 1017, N'qcont1'),
			(11, 29, 0, N'Enclosure List', 0, 1, 1017, N'enc1'),
			(12, 1, 0, N'Name Of The Laboratory', 0, 2, 3, N'nothe1'),
			(13, 1, 0, N'GSTIN', 0, 2, 3, N'gstin1'),
			(14, 1, 0, N'Contry', 0, 2, 3, N'cont2'),
			(15, 1, 0, N'State/Provider', 0, 2, 3, N'sttt3'),
			(16, 1, 0, N'City', 0, 2, 3, N'ct3'),
			(17, 1, 0, N'Address', 0, 2, 3, N'adgag4'),
			(18, 1, 0, N'District', 0, 2, 3, N'discr4'),
			(19, 1032, 0, N'Pincode', 0, 2, 1016, N'pincd5'),
			(20, 12, 0, N'Mobile Number', 0, 2, 1007, N'mobi34'),
			(21, 10, 0, N'Email', 0, 2, 1006, N'emuil34'),
			(22, 1, 0, N'Discipline Of Testing', 0, 2, 3, N'discip6'),
			(23, 1, 0, N'Group', 0, 2, 3, N'grty5'),
			(24, 1, 0, N'Location', 0, 2, 3, N'dsg'),
			(25, 1, 0, N'Discipline', 0, 2, 3, N'etr'),
			(26, 1, 0, N'Group', 0, 2, 3, N'ttyr'),
			(27, 1, 0, N'Sub-Group', 0, 2, 3, N'rteag'),
			(28, 8, 0, N'Products/Materials of Test', 0, 2, 1020, N'dgsdsert'),
			(29, 8, 0, N'Specific tests or types of tests perofmed', 0, 2, 1020, N'vstyers'),
			(30, 30, 0, N'Collapsable', 0, 1, 1014, N'dasterdsd'),
			(31, 29, 0, N'Organization Structure', 0, 1, 1017, N'hyer'),
			(32, 29, 0, N'New Employee Details', 0, 1, 1017, N'gdfy'),
			(33, 1, 0, N'Organization Chart of Laboratory Link', 0, 2, 3, N'dfgd'),
			(34, 1, 0, N'organization chart', 0, 2, 3, N'rtyery'),
			(35, 1, 0, N'Subject', 0, 2, 3, N'hrty'),
			(36, 1, 0, N'HtmlMsg', 0, 2, 3, N'wsrt'),
			(1004, 5, 0, N'Image Input', 0, 1, 2004, N'sg'),
			(1005, 1, 0, N'Location', 0, 2, 3, N'sergs'),
			(1006, 1, 0, N'Discipline', 0, 2, 3, N'tr5'),
			(1007, 1, 0, N'Group', 0, 2, 3, N'sgsret'),
			(1008, 1, 0, N'Type Of Test', 0, 2, 3, N'regs'),
			(1009, 1, 0, N'UID of Equipment', 0, 2, 3, N'trse'),
			(1010, 1, 0, N'Name Of Equipment', 0, 2, 3, N'gsdg'),
			(1011, 1, 0, N'Model', 0, 2, 3, N'uys'),
			(1012, 1, 0, N'Serial No', 0, 2, 3, N'bew'),
			(1013, 1, 0, N'Name Of Manufracturer', 0, 2, 3, N'ma'),
			(1014, 2032, 0, N'Year Of Make', 0, 2, 2006, N'v'),
			(1015, 1, 0, N'Range and Accurecy', 0, 2, 3, N'rtsd'),
			(1017, 22, 0, N'Last Calibration Date', 0, 2, 1011, N'uym'),
			(1018, 22, 0, N'Calibration Due on', 0, 2, 1011, N'du v'),
			(1019, 32, 0, N'Location', 0, 2, 1015, N'aser'),
			(1023, 1, 0, N'Discipline', 0, 2, 3, N'bys'),
			(1024, 1, 0, N'Group', 0, 2, 3, N'um'),
			(1025, 1, 0, N'Name of Reference Material/Strain/Culture', 0, 2, 3, N'gbgsn '),
			(1026, 1, 0, N'Source', 0, 2, 3, N'shb sdfy'),
			(1027, 22, 0, N'Date Of Expiry', 0, 2, 1011, N'dbsghv'),
			(1028, 1, 0, N'Tracability', 0, 2, 3, N'vbs'),
			(1029, 1, 0, N'Location', 0, 2, 3, N'gvtsn s'),
			(1030, 1, 0, N'Type Of Partipatation', 0, 2, 3, N'm,s ij'),
			(1031, 1, 0, N'Discipline', 0, 2, 3, N'v '),
			(1032, 1, 0, N'Group', 0, 2, 3, N'zym r'),
			(1033, 1, 0, N'Product/Material', 0, 2, 3, N'mn'),
			(1034, 1, 0, N'Details of Test', 0, 2, 3, N'burtm,'),
			(1035, 22, 0, N'Date Of Testing', 0, 2, 1011, N'io'),
			(1036, 1, 0, N'Nodal Laboratory/PT Provider (Accredification Body/Country)', 0, 2, 3, N'rb'),
			(1037, 1, 0, N'Performance in Term of Z Score / Any Other Criteria', 0, 2, 3, N'ta'),
			(1038, 1, 0, N'Corrective Action Taken (if any)', 0, 2, 3, N'byim'),
			(1039, 5, 0, N'Upload Quality Manual', 0, 2, 2004, N'ng'),
			(1040, 4, 0, N'Calibrated By', 0, 1, 1004, N'svbtyio'),
			(1042, 29, 0, N'Inhouse', 0, 1, 1003, N'eryrt'),
			(1043, 29, 0, N'External', 0, 1, 1003, N'ryrtuty'),
			(1044, 3, 0, N'Checkbox-check', 0, 1, 1003, N'esbum'),
			(1045, 29, 0, N'Patna', 1, 1, 1017, N'iduyaer'),
			(1046, 29, 0, N'Lacknow', 1, 1, 1017, N'sgfdsgd'),
			(1047, 29, 0, N'Bareliy', 1, 1, 1017, N'sdgsdfg'),
			(1048, 29, 0, N'Karnataka', 1, 1, 1017, N'fgd'),
			(2002, 33, 0, N'Grid', 0, 1, 2, N'lfy'),
			(2008, 1, 0, N'adfsafds', 0, 2, 3, N'afsdfa'),
			(3006, 1, 0, N'Name', 0, 2, 3, N'UserName'),
			(3007, 1, 0, N'fghfgh', 0, 2, 1010, N'hfhgh'),
			(3008, 37, 1, N'Workflow', 0, 1, 2008, N'wrkff'),
			(3009, 1, 0, N'User Table', 0, 2, 3, N'Raj'),
			(3010, 1, 1, N'TableName', 0, 2, 3, N'uyhfg'),
			(3011, 1, 0, N'ThirdPageName', 0, 3, 3, N'jh'),
			(3012, 1, 0, N'Customer Name', 0, 2, 3, N'cu'),
			(3013, 1, 0, N'Contant Person', 0, 2, 3, N'cP'),
			(3014, 1, 0, N'Name', 0, 2, 3, N'name'),
			(3016, 1, 1, N'Job Serial No', 0, 2, 3, N'jsn'),
			(3017, 1, 1, N'Department Name', 0, 2, 3, N'rd'),
			(3018, 1, 1, N'Issue To', 0, 2, 3, N'df'),
			(3019, 22, 1, N'Recived On', 0, 3, 1011, N'jklg'),
			(3020, 1, 1, N'Job Order No / Ref No', 0, 2, 3, N'sdg'),
			(3021, 1, 0, N'Contact Person Name', 0, 2, 3, N'ds'),
			(3024, 22, 0, N'TestReport Release Date', 0, 3, 1011, N'datee'),
			(3025, 1, 0, N'Any Other Specific Requirment', 0, 2, 3, N'sdsf'),
			(3026, 5, 0, N'Attachments', 0, 3, 2004, N'sfsd'),
			(3027, 1, 0, N'Sample Type', 0, 3, 3, N'dfgf'),
			(3028, 1, 0, N'Sample Details', 0, 2, 3, N'0'),
			(3029, 22, 0, N'Date of TP', 0, 2, 1011, N'0'),
			(3030, 1, 0, N'Job Code No', 0, 2, 3, N'0'),
			(3031, 1, 0, N'Sample ID', 0, 2, 3, N'0'),
			(3032, 1, 0, N'Number Of Samples/Quantity', 0, 2, 3, N'0'),
			(3034, 1, 0, N'Test Name ', 0, 2, 3, N'0'),
			(3035, 1, 0, N'Test Method', 0, 2, 3, N'0'),
			(3036, 1, 0, N'Person Authorized', 0, 2, 3, N'0'),
			(3037, 22, 0, N'Targeted On', 0, 2, 1011, N'0'),
			(3038, 22, 0, N'Completed on', 0, 2, 1011, N'0'),
			(3039, 1, 0, N'Remarks', 0, 2, 3, N'0'),
			(3040, 22, 0, N'Date Of Report', 0, 3, 1011, N'0'),
			(3041, 1, 0, N'Report No', 0, 2, 3, N'0'),
			(3043, 1, 0, N'ULR No', 0, 2, 3, N'0'),
			(3044, 22, 0, N'Date Of Casting', 0, 2, 1011, N'0'),
			(3045, 1, 0, N'Age Of Specimens', 0, 2, 3, N'0'),
			(3046, 1, 0, N'Length', 0, 2, 3, N'0'),
			(3047, 1, 0, N'Width', 0, 2, 3, N'0'),
			(3048, 1, 0, N'Height', 0, 2, 3, N'0'),
			(3049, 1, 1, N'mm', 0, 2, 3, N'0'),
			(3050, 1, 1, N'cm', 0, 2, 3, N'0'),
			(3051, 1, 0, N'gm', 0, 2, 3, N'0'),
			(3053, 1, 0, N'gm/cm', 0, 2, 3, N'0'),
			(3054, 1, 0, N'Load, KN', 0, 2, 3, N'0'),
			(3056, 1, 1, N'Compressive Strength, N/mm', 0, 2, 3, N'0'),
			(3057, 1, 0, N'Average', 0, 2, 3, N'0'),
			(3058, 38, 0, N'TestReport', 0, 2, 2010, N'0'),
			(3059, 1, 0, N'Price', 0, 2, 3, N'0'),
			(3060, 1, 0, N'Tax', 0, 2, 3, N'0'),
			(3061, 1, 0, N'Total', 0, 2, 3, N'0'),
			(3062, 38, 0, N'Payment', 0, 2, 2010, N'0'),
			(3063, 33, 0, N'MultiControlGrid', 0, 2, 2011, N'0')
    SET IDENTITY_INSERT [dbo].[UiPageMetadata]  OFF
END
GO
IF NOT EXISTS (SELECT 1 FROM [UiPageMetadataCharacteristics] WHERE Id = 0)
BEGIN
    SET IDENTITY_INSERT [dbo].[UiPageMetadataCharacteristics]  ON

    INSERT INTO [dbo].[UiPageMetadataCharacteristics]
              ([Id], [UiPageMetadataId], [LookupCategoryId], [IsDeleted])
			   VALUES
              (1, 1019, 1005, 0),
			  (3, 3058, 1007, 0),
			  (4, 3062, 1008, 0)
    SET IDENTITY_INSERT [dbo].[UiPageMetadataCharacteristics]  OFF
END
GO
IF NOT EXISTS (SELECT 1 FROM [UiNavigationCategory] WHERE Id = 0)
BEGIN
    SET IDENTITY_INSERT [dbo].[UiNavigationCategory]  ON

    INSERT INTO [dbo].[UiNavigationCategory]
               ([Id], [Name], [Orders], [IsDeleted])
			   VALUES
              (1, N'Testing', 2, 0),
			  (2, N'Home', 1, 0),
			  (1002, N'Settings', 3, 0),
			  (1003, N'Profile', 4, 0),
			  (1004, N'Notifications', 5, 0)
			  
    SET IDENTITY_INSERT [dbo].[UiNavigationCategory]  OFF
END
GO
IF NOT EXISTS (SELECT 1 FROM [UiPageNavigation] WHERE Id IN (0,1,2,3,4,5,6,7,8,9,10))
BEGIN
    SET IDENTITY_INSERT [dbo].[UiPageNavigation]  ON

    INSERT INTO [dbo].[UiPageNavigation]
               ([Id], [Url], [ModuleId], [UiNavigationCategoryId], [IsDeleted])
			   VALUES
              (1, N'/Common/Index/{0}', 1, 1, 0),
			  (2, N'/Common/Index/{0}', 2, 1, 0),
			  (4, N'/', 0, 1003, 0),
			  (5, N'/', 0, 1004, 0),
			  (6, N'/', 0, 2, 0),
			  (7, N'/UiPageType/Index/', 4, 1002, 0),
			  (8, N'/UiControlType/Index/', 5, 1002, 0),
			  (9, N'/UiPageMetadata/Index/', 6, 1002, 0),
			  (10, N'/UiPageValidation/Index/', 7, 1002, 0),
			  (11,N'/LookupCategory/Index/',15,1002,0),
			  (12,N'/Lookup/Index/',14,1002,0),
			  (13,N'/Application/Index/',8,1002,0),
			  (14,N'/Workflow/Index/',9,1002,0),
			  (15,N'/WorkflowStage/Index/',10,1002,0),
			  (16,N'/Module/Index/',11,1002,0),
			  (17,N'/WorkflowActivity/Index/',12,1002,0),
			  (18,N'/Organization/Index/',13,1002,0),
			  (19,N'/#/',16,1002,0)
    SET IDENTITY_INSERT [dbo].[UiPageNavigation]  OFF
END
GO
IF NOT EXISTS (SELECT 1 FROM [Activity] WHERE Id IN (1))
BEGIN
    SET IDENTITY_INSERT [dbo].[Activity]  ON
    INSERT INTO [dbo].[Activity]
               ([Id], [Name], [IsDeleted])
			   VALUES 
			   (1, N'EmailServices', 0)
    SET IDENTITY_INSERT [dbo].[Activity]  OFF
END
GO
IF NOT EXISTS (SELECT 1 FROM [UiPageType] WHERE Id IN (0,1,2,3,4,5,6,7,8,9,10,11,12,13,14,15,16,17,18,19))
BEGIN
    SET IDENTITY_INSERT [dbo].[UiPageType]  ON
    INSERT INTO [dbo].[UiPageType]
               ([Id], [Name], [IsDeleted])
			   VALUES
              (1, N'Ui Page Type', 0),
			  (2, N'Ui Control Type', 0),
			  (3, N'Ui Page Metadata', 0),
			  (4, N'Ui Page Validation', 0),
			  (5, N'Home', 0),
			  (6, N'My Activity', 0),
			  (8, N'Nabl', 0),
			  (10, N'Sample Recieving', 0),
			  (11, N'Test Plan', 0),
			  (12, N'Page1', 0),
			  (13, N'Page2', 0),
			  (14, N'Customer', 0),
			  (15, N'Sample Recieving ', 0),
			  (16, N'Test Plan', 0),
			  (17, N'Lab Analysis', 0),
			  (18, N'Test Reports', 0),
			  (19, N'Bill & Payment', 0)
    SET IDENTITY_INSERT [dbo].[UiPageType]  OFF
END
GO
IF NOT EXISTS (SELECT 1 FROM [Workflow] WHERE Id IN (1,2,3))
BEGIN
    SET IDENTITY_INSERT [dbo].[Workflow]  ON
    INSERT INTO [dbo].[Workflow]
              ([Id], [Name], [ModuleId], [IsDeleted])
			   VALUES
              (1, N'Cube Testing Flow', 1, 0),
			  (2, N'Water Testing Flow', 2, 0),
			  (3, N'Customer', 3, 0)
    SET IDENTITY_INSERT [dbo].[Workflow]  OFF
END
GO
IF NOT EXISTS (SELECT 1 FROM [WorkflowStage] WHERE Id IN (2,3,4,5,9,10))
BEGIN
    SET IDENTITY_INSERT [dbo].[WorkflowStage]  ON
    INSERT INTO [dbo].[WorkflowStage]
               ([Id], [Name], [IsDeleted], [WorkflowId], [UiPageTypeId], [Orders])
			   VALUES
             (2, N'SampleReceiving', 0, 1, 15, 0),
			 (3, N'TestPlan', 0, 1, 16, 1),
			 (4, N'LabAnalysis', 0, 1, 17, 2),
			 (5, N'TestReport', 0, 1, 18, 3),
			 (9, N'Billing&Payments', 0, 1, 19, 4),
			 (10, N'Customer', 0, 3, 14, 0)
    SET IDENTITY_INSERT [dbo].[WorkflowStage]  OFF
END
GO
IF NOT EXISTS (SELECT 1 FROM [ActivityMetadata] WHERE Id IN (1,2,3,4,5,7,9,12))
BEGIN
    SET IDENTITY_INSERT [dbo].[ActivityMetadata]  ON
    INSERT INTO [dbo].[ActivityMetadata]
               ([Id], [Name], [ActivityId], [UiPageMetadataId], [IsDeleted], [Value], [ActivityMetadataTypeId], [WorkflowStageId])
			   VALUES
              (1, N'**Email**', 1, 21, 0, NULL, 1016, 2),
			  (2, N'**Subject**', 1, 35, 0, N'Sample Recived Successfully ??', 1015, 2),
			  (3, N'HtmlMsg', 1, 36, 0, N'emailformat/SampleRecived.txt', 1015, 2),
			  (4, N'Name', 1, 3021, 0, NULL, 1016, 2),
			  (5, N'Email', 1, 21, 0, NULL, 1015, 4),
			  (7, N'HtmlMsg', 1, 36, 0, N'emailformat/LabAnalysis.txt', 1015, 4),
			  (9, N'Subject', 1, 35, 0, N'Report Is Ready For Your Review', 1015, 4),
			  (12, N'**name**', 1, 3021, 0, N'Rishi Kumar', 1015, 4)
    SET IDENTITY_INSERT [dbo].[ActivityMetadata]  OFF
END
GO
GO
IF NOT EXISTS (SELECT 1 FROM [UiPageMetadataModuleBridge] WHERE Id = 0)
BEGIN
    SET IDENTITY_INSERT [dbo].[UiPageMetadataModuleBridge]  ON

    INSERT INTO [dbo].[UiPageMetadataModuleBridge]
               ([Id], [UiPageMetadataId], [UiPageTypeId], [IsDeleted], [ModuleId], [ParentId], [Orders], [UiControlDisplayName], [MultiValueControl])
			   VALUES
            (3011, 3012, 14, 0, 3, 0, 0, NULL, 0),		
			(3012, 3013, 14, 0, 3, 0, 0, NULL, 0),			
			(3013, 3014, 14, 0, 3, 0, 0, NULL, 0),			
			(3014, 21, 14, 0, 3, 0, 0, NULL, 0),			
			(3015, 20, 14, 0, 3, 0, 0, NULL, 0),		
			(3016, 17, 14, 0, 3, 0, 0, NULL, 0),			
			(3017, 3016, 15, 0, 1, 4, 0, NULL, 0),			
			(3018, 3017, 15, 0, 1, 4, 0, NULL, 0),			
			(3019, 3018, 15, 0, 1, 4, 0, NULL, 0),			
			(3020, 3019, 15, 0, 1, 4, 0, NULL, 0),			
			(3021, 3020, 15, 0, 1, 4, 0, NULL, 0),			
			(3022, 3021, 15, 0, 1, 4, 0, NULL, 0),			
			(3023, 21, 15, 0, 1, 4, 0, NULL, 0),			
			(3024, 20, 15, 0, 1, 4, 0, NULL, 0),			
			(3025, 3024, 15, 0, 1, 4, 0, NULL, 0),			
			(3026, 3025, 15, 0, 1, 4, 0, NULL, 0),			
			(3029, 3026, 15, 0, 1, 4, 0, NULL, 0),			
			(3030, 3027, 16, 0, 1, 5, 0, NULL, 0),			
			(3031, 3028, 16, 0, 1, 5, 0, NULL, 0),			
			(3032, 3029, 16, 0, 1, 5, 0, NULL, 0),			
			(3033, 3030, 16, 0, 1, 5, 0, NULL, 0),			
			(3034, 3031, 16, 0, 1, 5, 0, NULL, 0),			
			(3035, 3032, 16, 0, 1, 5, 0, NULL, 0),			
			(3037, 3034, 16, 0, 1, 5, 0, NULL, 0),			
			(3038, 3035, 16, 0, 1, 5, 0, NULL, 0),			
			(3039, 3036, 16, 0, 1, 5, 0, NULL, 0),			
			(3040, 3019, 16, 0, 1, 5, 0, NULL, 0),			
			(3041, 3037, 16, 0, 1, 5, 0, NULL, 0),			
			(3042, 3038, 16, 0, 1, 5, 0, NULL, 0),			
			(3043, 3039, 16, 0, 1, 5, 0, NULL, 0),			
			(3044, 3008, 15, 0, 1, 4, 1, NULL, 0),			
			(3045, 3008, 16, 0, 1, 5, 2, NULL, 0),			
			(3047, 3, 15, 0, 1, 0, 0, NULL, 0),			
			(3048, 4, 15, 0, 1, 3, 0, NULL, 0),			
			(3049, 5, 15, 0, 1, 3, 0, NULL, 0),			
			(3050, 6, 15, 0, 1, 3, 0, NULL, 0),			
			(3051, 7, 15, 0, 1, 3, 0, NULL, 0),			
			(3052, 8, 15, 0, 1, 3, 0, NULL, 0),		
			(3053, 3, 16, 0, 1, 0, 0, NULL, 0),			
			(3054, 4, 16, 0, 1, 3, 0, NULL, 0),			
			(3055, 5, 16, 0, 1, 3, 0, NULL, 0),			
			(3056, 6, 16, 0, 1, 3, 0, NULL, 0),			
			(3057, 7, 16, 0, 1, 3, 0, NULL, 0),			
			(3058, 8, 16, 0, 1, 3, 0, NULL, 0),			
			(3059, 3, 17, 0, 1, 0, 0, NULL, 0),			
			(3060, 4, 17, 0, 1, 3, 0, NULL, 0),			
			(3061, 5, 17, 0, 1, 3, 0, NULL, 0),			
			(3062, 6, 17, 0, 1, 3, 0, NULL, 0),			
			(3063, 7, 17, 0, 1, 3, 0, NULL, 0),			
			(3064, 8, 17, 0, 1, 3, 0, NULL, 0),			
			(3065, 3040, 17, 0, 1, 6, 0, NULL,0),			
			(3066, 3041, 17, 0, 1, 6, 0, NULL, 0),			
			(3067, 3043, 17, 0, 1, 6, 0, NULL, 0),			
			(3068, 3044, 17, 0, 1, 6, 0, NULL, 0),			
			(3069, 3045, 17, 1, 1, 6, 0, NULL, 0),			
			(3070, 3046, 17, 1, 1, 6, 0, NULL, 0),			
			(3071, 3047, 17, 0, 1, 6, 0, NULL, 0),			
			(3072, 3048, 17, 0, 1, 6, 0, NULL, 0),		
			(3073, 3049, 18, 0, 1, 6, 0, NULL, 1),			
			(3074, 3050, 18, 0, 1, 6, 0, NULL, 1),			
			(3075, 3051, 18, 0, 1, 6, 0, NULL, 1),			
			(3077, 3053, 18, 0, 1, 6, 0, NULL, 1),			
			(3078, 3054, 18, 0, 1, 6, 0, NULL, 1),			
			(3080, 3056, 18, 0, 1, 6, 0, NULL, 1),			
			(3081, 3057, 18, 0, 1, 6, 0, NULL, 1),			
			(3082, 3008, 17, 0, 1, 6, 1, NULL, 0),			
			(3083, 3, 18, 0, 1, 0, 0, NULL, 0),			
			(3084, 4, 18, 0, 1, 3, 0, N'Sample Reciving', 0),			
			(3085, 5, 18, 0, 1, 3, 0, N'Test Plan', 0),			
			(3086, 6, 18, 0, 1, 3, 0, N'Lab Analysis', 0),			
			(3087, 7, 18, 0, 1, 3, 0, N'Test Report', 0),			
			(3088, 8, 18, 0, 1, 3, 0, N'Payment & Billing', 0),			
			(3089, 3058, 18, 0, 1, 7, 19, N'Download', 0),			
			(3090, 3016, 18, 0, 1, 7, 1, NULL, 0),			
			(3091, 3017, 18, 0, 1, 7, 2, NULL, 0),			
			(3092, 3018, 18, 0, 1, 7, 3, NULL, 0),			
			(3093, 3019, 18, 0, 1, 7, 4, NULL, 0),			
			(3094, 3020, 18, 0, 1, 7, 5, NULL, 0),		
			(3095, 3021, 18, 0, 1, 7, 6, NULL, 0),			
			(3096, 21, 18, 0, 1, 7, 7, NULL, 0),			
			(3097, 20, 18, 0, 1, 7, 8, NULL, 0),			
			(3098, 3024, 18, 0, 1, 7, 9, NULL, 0),			
			(3099, 3025, 18, 0, 1, 7, 0, NULL, 0),			
			(3100, 3, 19, 0, 1, 0, 0, NULL, 0),			
			(3101, 4, 19, 0, 1, 3, 0, NULL, 0),			
			(3102, 5, 19, 0, 1, 3, 0, NULL, 0),			
			(3103, 6, 19, 0, 1, 3, 0, NULL, 0),			
			(3104, 7, 19, 0, 1, 3, 0, NULL, 0),			
			(3105, 8, 19, 0, 1, 3, 0, NULL, 0),			
			(3106, 3059, 19, 0, 1, 8, 0, NULL, 0),			
			(3107, 3060, 19, 0, 1, 8, 1, NULL, 0),			
			(3108, 3061, 19, 0, 1, 8, 2, NULL, 0),			
			(3110, 3062, 19, 0, 1, 8, 3, N'Download Report', 0),			
			(3111, 3008, 19, 0, 1, 8, 3, NULL, 0),			
			(3112, 3008, 18, 0, 1, 7, 16, NULL, 0),			
			(3113, 3040, 18, 0, 1, 7, 10, NULL, 0),			
			(3114, 3041, 18, 0, 1, 7, 11, NULL, 0),			
			(3116, 3043, 18, 0, 1, 7, 12, NULL, 0),			
			(3117, 3044, 18, 0, 1, 7, 13, NULL, 0),			
			(3118, 3045, 18, 0, 1, 7, 14, NULL, 0),			
			(3119, 3046, 18, 0, 1, 7, 15, NULL, 0),
			(3120, 3063, 18, 0, 1, 7, 17, NULL, 0),
			(3121, 3049, 17, 0, 1, 6, 0, NULL, 1),
			(3122, 3050, 17, 0, 1, 6, 0, NULL, 1),
			(3123, 3051, 17, 0, 1, 6, 0, NULL, 1),
			(3124, 3053, 17, 0, 1, 6, 0, NULL, 1),
			(3126, 3054, 17, 0, 1, 6, 0, NULL, 1),
			(3127, 3056, 17, 0, 1, 6, 0, NULL, 1),
			(3129, 3057, 17, 0, 1, 6, 0, NULL, 1),
			(3130, 3063, 17, 0, 1, 6, 20, NULL, 0)
    SET IDENTITY_INSERT [dbo].[UiPageMetadataModuleBridge]  OFF
END
GO
IF NOT EXISTS (SELECT 1 FROM [UiPageValidationType] WHERE Id IN (1,2,3,4,5,6,7))
BEGIN
    SET IDENTITY_INSERT [dbo].[UiPageValidationType]  ON
    INSERT INTO [dbo].[UiPageValidationType]
              ([Id], [Name], [Message], [Value], [IsDeleted])
			   VALUES
             (1, N'MinPasswordLength', N'Minimum Password length  is 8', N'8', 0),
			 (2, N'Email', N'Email should have a fromat', N'3', 0),
			 (3, N'AdharLength', N'AdharLength should be equal to 12', N'12', 0),
			 (4, N'MobileNumberLength', N'Mobile Number length is equal to 10', N'10', 0),
			 (5, N'Year', N'Year length is equal to 4', N'4', 0),
			 (6, N'Name', N'Name should have more than 3 letters', N'3', 1),
			 (7, N'IsRequired', N'{0} Field is rquired', N'', 0)
    SET IDENTITY_INSERT [dbo].[UiPageValidationType]  OFF
END
GO
IF NOT EXISTS (SELECT 1 FROM [UiPageValidation] WHERE Id = 0)
BEGIN
    SET IDENTITY_INSERT [dbo].[UiPageValidation]  ON
    INSERT INTO [dbo].[UiPageValidation]
             ([Id], [UiPageTypeId], [UiPageMetadataId], [UiPageValidationTypeId], [IsDeleted])
			   VALUES
             (2, 8, 12, 4, 1),
			 (3, 10, 3008, 7, 1),
			 (4, 10, 3008, 7, 0),
			 (5, 10, 3010, 7, 0),
			 (6, 15, 3016, 7, 0),
			 (7, 15, 3017, 7, 0),
			 (8, 15, 3018, 7, 0),
			 (9, 15, 3019, 7, 0),
			 (10, 15, 3020, 7, 0),
			 (11, 18, 3049, 7, 0),
			 (12, 18, 3050, 7, 0),
			 (13, 18, 3056, 7, 0),
			 (14, 17, 3049, 7, 0),
			 (15, 17, 3050, 7, 0),
			 (16, 17, 3056, 7, 0)
    SET IDENTITY_INSERT [dbo].[UiPageValidation]  OFF
END
GO
IF NOT EXISTS (SELECT 1 FROM [TestReport] WHERE Id = 0)
BEGIN
    SET IDENTITY_INSERT [dbo].[TestReport]  ON
    INSERT INTO [dbo].[TestReport]
              ([Id], [Client], [Filepath], [Email], [JobId], [Name], [DateTime], [IsDeleted])
			  VALUES 
			  (1, N'dfg', N'1VkPUk0WjPRj6rCulYq_9xU9FeCGFm1oa', N'jg@gh.hvbv', N'dgdfg', N'dfg', CAST(N'2022-11-14T00:00:00.000' AS DateTime), 0)
    SET IDENTITY_INSERT [dbo].[TestReport]  OFF
END
GO
IF NOT EXISTS (SELECT 1 FROM [WorkflowActivity] WHERE Id = 0)
BEGIN
    SET IDENTITY_INSERT [dbo].[WorkflowActivity]  ON
    INSERT INTO [dbo].[WorkflowActivity]
              ([Id], [Name], [WorkflowStageId], [IsDeleted], [ActivityId])
			  VALUES 
			  (1, N'EmailAc', 2, 0, 1),
			  (2, N'EmailFirst', 4, 0, 1)
    SET IDENTITY_INSERT [dbo].[WorkflowActivity]  OFF
END
GO
IF NOT EXISTS (SELECT 1 FROM [Record] WHERE Id = 0)
BEGIN
    SET IDENTITY_INSERT [dbo].[Record]  ON
    INSERT INTO [dbo].[Record]
              ([Id], [IsDeleted], [ModuleId], [WorkflowStageId], [UpdatedDate])
			  VALUES 
			  (12063, 0, 1, 4, CAST(N'2023-02-18T00:07:18.197' AS DateTime))
    SET IDENTITY_INSERT [dbo].[Record]  OFF
END
GO
IF NOT EXISTS (SELECT 1 FROM [UiPageData] WHERE Id = 0)
BEGIN
    SET IDENTITY_INSERT [dbo].[UiPageData]  ON
    INSERT INTO [dbo].[UiPageData]
              ([Id],
			  [UiPageMetadataId],
			  [Value],
			  [IsDeleted],
			  [RecordId],
			  [UiPageTypeId],
			  [SubRecordId])
			  VALUES 
			  (13187, 3016, N'124', 0, 12063, 15, NULL),
			  (13188, 3017, N'Software', 0, 12063, 15, NULL),
			  (13189, 3018, N'Rishi Rao', 0, 12063, 15, NULL),
			  (13190, 3019, N'2023-02-17', 0, 12063, 15, NULL),
			  (13191, 3020, N'14', 0, 12063, 15, NULL),
			  (13192, 3021, N'Himanshu Jaiswal', 0, 12063, 15, NULL),
			  (13193, 21, N'rajkumar00999.rk@gmail.com', 0, 12063, 15, NULL),
			  (13194, 20, N'9308337299', 0, 12063, 15, NULL),
			  (13195, 3024, N'2023-02-22', 0, 12063, 15, NULL),
			  (13196, 3025, N'Want Mobile Support', 0, 12063, 15, NULL),
			  (13197, 3026, N'', 0, 12063, 15, NULL),
			  (13198, 3008, N'4', 0, 12063, 19, NULL),
			  (13199, 3027, N'Website', 0, 12063, 16, NULL),
			  (13200, 3028, N'RajguptaH.Github.io', 0, 12063, 16, NULL),
			  (13201, 3029, N'2023-02-27', 0, 12063, 16, NULL),
			  (13202, 3030, N'124', 0, 12063, 16, NULL),
			  (13203, 3031, N'45', 0, 12063, 16, NULL),
			  (13204, 3032, N'5', 0, 12063, 16, NULL),
			  (13205, 3034, N'Website Testing With Mobility', 0, 12063, 16, NULL),
			  (13206, 3035, N'Dot Net', 0, 12063, 16, NULL),
			  (13207, 3036, N'Ritesh Kumar', 0, 12063, 16, NULL),
			  (13208, 3037, N'2023-02-28', 0, 12063, 16, NULL),
			  (13209, 3038, N'2023-03-09', 0, 12063, 16, NULL),
			  (13210, 3039, N'This Needs To Done Within Five Days', 0, 12063, 16, NULL),
			  (13211, 3040, N'2023-02-22', 0, 12063, 18, NULL),
			  (13212, 3041, N'124', 0, 12063, 17, NULL),
			  (13213, 3043, N'85', 0, 12063, 17, NULL),
			  (13214, 3044, N'2023-02-21', 0, 12063, 17, NULL),
			  (13215, 3047, N'512', 0, 12063, 17, NULL),
			  (13216, 3048, N'512', 0, 12063, 17, NULL),
			  (13217, 3045, N'25years', 0, 12063, 18, NULL),
			  (13218, 3046, N'5cm', 0, 12063, 18, NULL),
			  (13219, 3049, N'12', 0, 12063, 18, 1),
			  (13220, 3050, N'95', 0, 12063, 18, 1),
			  (13221, 3051, N'22', 0, 12063, 18, 1),
			  (13222, 3053, N'45', 0, 12063, 18, 1),
			  (13223, 3054, N'2456', 0, 12063, 18, 1),
			  (13224, 3056, N'1324', 0, 12063, 18, 1),
			  (13225, 3057, N'2.2', 0, 12063, 18, 1),
			  (13226, 3049, N'58', 0, 12063, 18, 2),
			  (13227, 3050, N'654', 0, 12063, 18, 2),
			  (13228, 3051, N'45', 0, 12063, 18, 2),
			  (13229, 3053, N'68', 0, 12063, 18, 2),
			  (13230, 3054, N'498', 0, 12063, 18, 2),
			  (13231, 3056, N'34546', 0, 12063, 18, 2),
			  (13232, 3057, N'3.12', 0, 12063, 18, 2),
			  (13233, 3049, N'4', 0, 12063, 18, 3),
			  (13234, 3050, N'56.00', 0, 12063, 18, 3),
			  (13235, 3051, N'46', 0, 12063, 18, 3),
			  (13236, 3053, N'8.00', 0, 12063, 18, 3),
			  (13237, 3054, N'42.00', 0, 12063, 18, 3),
			  (13238, 3056, N'676', 0, 12063, 18, 3),
			  (13239, 3057, N'465741', 0, 12063, 18, 3),
			  (13240, 3049, N'54', 0, 12063, 18, 4),
			  (13241, 3050, N'4', 0, 12063, 18, 4),
			  (13242, 3051, N'4', 0, 12063, 18, 4),
			  (13243, 3053, N'6', 0, 12063, 18, 4),
			  (13244, 3054, N'87', 0, 12063, 18, 4),
			  (13245, 3056, N'6465', 0, 12063, 18, 4),
			  (13246, 3057, N'46', 0, 12063, 18, 4),
			  (13247, 3049, N'45', 1, 12063, 18, 5),
			  (13248, 3050, N'12', 1, 12063, 18, 5),
			  (13249, 3051, N'54', 1, 12063, 18, 5),
			  (13250, 3053, N'867', 1, 12063, 18, 5),
			  (13251, 3054, N'4', 1, 12063, 18, 5),
			  (13252, 3056, N'654', 1, 12063, 18, 5),
			  (13253, 3057, N'76', 1, 12063, 18, 5),
			  (13254, 3049, N'4', 0, 12063, 18, 6),
			  (13255, 3050, N'3', 0, 12063, 18, 6),
			  (13256, 3051, N'43', 0, 12063, 18, 6),
			  (13257, 3053, N'534', 0, 12063, 18, 6),
			  (13258, 3054, N'345', 0, 12063, 18, 6),
			  (13259, 3056, N'345', 0, 12063, 18, 6),
			  (13260, 3057, N'345', 0, 12063, 18, 6),
			  (13261, 3049, N'43', 0, 12063, 18, 7),
			  (13262, 3050, N'465', 0, 12063, 18, 7),
			  (13263, 3051, N'312', 0, 12063, 18, 7),
			  (13264, 3053, N'5', 0, 12063, 18, 7),
			  (13265, 3054, N'31', 0, 12063, 18, 7),
			  (13266, 3056, N'65', 0, 12063, 18, 7),
			  (13267, 3057, N'132', 0, 12063, 18, 7),
			  (13268, 3059, N'500.00', 0, 12063, 19, NULL),
			  (13269, 3060, N'250.00', 0, 12063, 19, NULL),
			  (13270, 3061, N'750.00', 0, 12063, 19, NULL)
    SET IDENTITY_INSERT [dbo].[UiPageData]  OFF
END
GO